-- phpMyAdmin SQL Dump
-- version 5.2.1
-- https://www.phpmyadmin.net/
--
-- Host: 127.0.0.1
-- Generation Time: May 13, 2024 at 12:58 AM
-- Server version: 10.4.32-MariaDB
-- PHP Version: 8.2.12

SET SQL_MODE = "NO_AUTO_VALUE_ON_ZERO";
START TRANSACTION;
SET time_zone = "+00:00";


/*!40101 SET @OLD_CHARACTER_SET_CLIENT=@@CHARACTER_SET_CLIENT */;
/*!40101 SET @OLD_CHARACTER_SET_RESULTS=@@CHARACTER_SET_RESULTS */;
/*!40101 SET @OLD_COLLATION_CONNECTION=@@COLLATION_CONNECTION */;
/*!40101 SET NAMES utf8mb4 */;

--
-- Database: `net`
--

-- --------------------------------------------------------

--
-- Table structure for table `category`
--

CREATE TABLE `category` (
  `ID` bigint(20) NOT NULL,
  `Name` varchar(50) DEFAULT NULL
) ENGINE=InnoDB DEFAULT CHARSET=utf8mb4 COLLATE=utf8mb4_unicode_ci;

--
-- Dumping data for table `category`
--

INSERT INTO `category` (`ID`, `Name`) VALUES
(1, 'Drink'),
(2, 'Food'),
(3, 'Time');

-- --------------------------------------------------------

--
-- Table structure for table `computer`
--

CREATE TABLE `computer` (
  `Id` bigint(20) NOT NULL,
  `zone_id` bigint(20) DEFAULT NULL,
  `Name` varchar(50) DEFAULT NULL,
  `Serial` varchar(50) DEFAULT NULL,
  `status` varchar(50) DEFAULT NULL
) ENGINE=InnoDB DEFAULT CHARSET=utf8mb4 COLLATE=utf8mb4_unicode_ci;

--
-- Dumping data for table `computer`
--

INSERT INTO `computer` (`Id`, `zone_id`, `Name`, `Serial`, `status`) VALUES
(1, 1, 'Computer 1', 'ABC123', 'Available'),
(2, 1, 'Computer 2', 'DEF456', 'Available'),
(3, 2, 'Computer 3', 'GHI789', 'In Use');

-- --------------------------------------------------------

--
-- Table structure for table `history`
--

CREATE TABLE `history` (
  `id` bigint(20) NOT NULL,
  `id_user` bigint(20) DEFAULT NULL,
  `id_computer` bigint(20) DEFAULT NULL,
  `description` text DEFAULT NULL,
  `total` bigint(20) NOT NULL,
  `time` datetime DEFAULT NULL
) ENGINE=InnoDB DEFAULT CHARSET=utf8mb4 COLLATE=utf8mb4_unicode_ci;

--
-- Dumping data for table `history`
--

INSERT INTO `history` (`id`, `id_user`, `id_computer`, `description`, `total`, `time`) VALUES
(3, 2, 2, '2-1,4-2', 45000, '2024-05-12 18:16:54'),
(4, 2, 1, '2-2,4-2', 60000, '2024-05-12 18:17:12'),
(5, 2, 3, '7-2,8-2', 66000, '2024-05-12 19:58:52'),
(8, 2, 2, '4-3,6-2,2-1', 90000, '2024-05-12 20:08:29'),
(11, 2, 1, '2-4,4-1', 75000, '2024-05-12 20:11:06'),
(17, 2, 2, '2-2,4-2', 60000, '2024-05-12 20:20:14'),
(19, 2, 2, '6-1,4-2', 45000, '2024-05-12 20:21:08'),
(21, 2, 1, '1-1', 15000, '2024-05-12 22:29:45'),
(23, 2, 2, '15-1', 500000, '2024-05-12 22:30:57'),
(24, 2, 2, '9-1', 5000, '2024-05-12 23:04:03'),
(25, 2, 3, '1-1', 15000, '2024-05-13 01:12:40');

-- --------------------------------------------------------

--
-- Table structure for table `paymenthistory`
--

CREATE TABLE `paymenthistory` (
  `id` bigint(20) NOT NULL,
  `id_user` bigint(20) DEFAULT NULL,
  `amount` float DEFAULT NULL,
  `action` varchar(50) DEFAULT NULL,
  `status` varchar(50) DEFAULT NULL,
  `time` datetime DEFAULT NULL
) ENGINE=InnoDB DEFAULT CHARSET=utf8mb4 COLLATE=utf8mb4_unicode_ci;

--
-- Dumping data for table `paymenthistory`
--

INSERT INTO `paymenthistory` (`id`, `id_user`, `amount`, `action`, `status`, `time`) VALUES
(1, 2, 50000, 'Tiền Mặt', 'Success', '2024-05-10 08:00:00'),
(2, 2, 20000, 'Trừ từ ví', 'Success', '2024-05-10 08:30:00'),
(3, 2, 20000, 'Tiền Mặt', 'Success', '2024-05-12 20:04:58'),
(4, 2, 100000, 'Trừ từ ví', 'Success', '2024-05-12 20:10:04');

-- --------------------------------------------------------

--
-- Table structure for table `role`
--

CREATE TABLE `role` (
  `ID` bigint(20) NOT NULL,
  `Name` varchar(50) DEFAULT NULL
) ENGINE=InnoDB DEFAULT CHARSET=utf8mb4 COLLATE=utf8mb4_unicode_ci;

--
-- Dumping data for table `role`
--

INSERT INTO `role` (`ID`, `Name`) VALUES
(1, 'Admin'),
(2, 'User'),
(3, 'Staff');

-- --------------------------------------------------------

--
-- Table structure for table `service`
--

CREATE TABLE `service` (
  `id` bigint(20) NOT NULL,
  `id_category` bigint(20) DEFAULT NULL,
  `name` varchar(50) DEFAULT NULL,
  `price` float DEFAULT NULL,
  `img` text NOT NULL
) ENGINE=InnoDB DEFAULT CHARSET=utf8mb4 COLLATE=utf8mb4_unicode_ci;

--
-- Dumping data for table `service`
--

INSERT INTO `service` (`id`, `id_category`, `name`, `price`, `img`) VALUES
(1, 1, 'Coca Cola', 15000, 'https://www.lottemart.vn/media/catalog/product/cache/0x0/8/9/8935049501503-tet-1.jpg.webp'),
(2, 1, 'Sting', 15000, 'data:image/jpeg;base64,/9j/4AAQSkZJRgABAQAAAQABAAD/2wCEAAkGBxAQEhIPEBIQDw8WEBEVEhUSEBUXEg8QFRUXFhUSFxMZHSoiGBolHRUVITEhJSorLi4vGB82ODUsQykuLisBCgoKDg0OGxAQGzAlHyYuLysvLS0tLjArLTMrLS0tLy0tLS0tLS4rLS0tNTAtLS0vLS0rLS8vMi0tLTUtLy0tLf/AABEIAOEA4QMBEQACEQEDEQH/xAAcAAEAAQUBAQAAAAAAAAAAAAAABQECAwQHBgj/xABFEAACAQIDBAYGBggEBwEAAAAAAQIDEQQSIQUxQVEGEyJhcYEHMnSRsbIjNEJygqEUM2NzosHR8CRSYmQWQ1ODksLhFf/EABoBAQACAwEAAAAAAAAAAAAAAAACBAEDBQb/xAA0EQEAAgECAwYEBQQCAwAAAAAAAQIDETEEEiEFMkFRYXEigZGxE6HB0fAjQuHxM1JicoL/2gAMAwEAAhEDEQA/AO4gAAAAAAAAAAAAAAAAAAAAAAAAAAAAAAAAAAAAAAAAAAAAAAAAAAAAAAAAAAAAAAAAAAAAAAAAAAAAAAAAAAAAAAAAAAAAAAAAAAAAAAAAAAAAAAAAAAAAAAAAAAAAAAAAAAAAAAAAAAAAAAAAAAAUbA1qu0qEPXrUYfeqRXxYFkNrYaWka1GX3akX8GNRsRxMHud/eY1F6mjIOoua94FyYAAAAAAAAAAAAAAAAAAAAAAAAA8106q1FRiqeKeBvJ3qKKbenq33x53XIja2jZjx2vOlY1c2q9H6tfX9Oo4nvqV6l/4ov4kNdfFmaWrvEwpR6CTWrqYZa8K0Xp70SRTFDAyowyxl1c46KVPEQbqf6n2tL8uAGpU6QbRp9mGRx5zxCzfwBhKU+nEIQj11TFKrljm6qScM1u1bNFhjRq4r0mUY+pPFy/e08Pb3qzMapRSZ2hXot07qY3G0MPTVOmpTbk7u8oRi5ONlpdpWETrKVsVojWYdXNjUAAAAAAAAAAAAAAAAAAAAAAAOaelHaV5dQ9FCPvlJJ391inxV+mj0PYuD+94PoxQhLEUlJOzmtyKOKNbxEvScTMxhtMeTqmM2NRnScc84tpq63rvTOtbFWY3eXpxN4v1rEuU7d2fVw08rrVZL7L6yVmvecy83pbTV6DHiwZq80UiPlCCrVJNW6ya4tupL+pmMlvNrvwmKP7Y+kIjEJt+tKXi3qbq2lTvgpG0NdUyeqvamiS2BtCeFr0q9N2nCakvFPd4Pd5k6zpKtmx81dH1bgsR1tOnVSspwhNLkpJO35lpw5ZgAAAAAAAAAAAAAAAAAAAAAAHGfS2v8S/ur5YHP4vvPU9iz/SeM2ftKtQlmo1JU5WtdW3eZVraazrV3LUrkjS8awk8R002hly/pErfdhfydjbHEZZjTVWngeGidYpH5vP4zaVabvOcpv/U7kdNesp8/LGlejQqYqW7T3K/vJxWGi+W0tKtNvibaxCnktLEnoSaJmWWh6y8V8TLVfZ9abB+rYf2ej8iLcOBO7eMsAAAAAAAAAAAAAAAAAAAAAAHHfS5H6dv/AEx+Vf0KHFbvT9jT/Tc9jwKcu/Era4hi89GDEUnZyTU4pXllbvBc3FpO3fu7yxWusdHPyZ4rOl4mPt9Y/VH1DMIWYKm4nCvfZalp5EmrwZML63mjMNdtn1psL6th/Z6PyItw8/bdvGWAAAAAAAAAAAAAAAAAAAAAADkPpdX034Y/Ao8Vu9L2N/xucrgU3oKrMQKsW2a0qri4uLtP7NtW3ytx8DdTXwUs844r/UmNPVr46nklbLKEXZxUoyVrpNwV1rZ3Xgkb70nfRzeHz0mJpza6dI9Y8GlW5efkK+bObr8MSotwY8GXC+t5ozDXbZ9ZbB+rYf2ej8iLcPPzu3zLAAAAAAAAAAAAAAAAAAAAAAByP0vL6b8Ef5lHit3pOxe5LmyKb0MMlLDyqzp0YWzznGCvuV3rJ9yV2/AnipzWiFfjM8YMNsk+D1dLa+z9mzdCFOpKcYyVaqoRdR1YtWWe+qabdo6LTdrbo81MfwvIzh4nitcmmv8APBnxWKo1sE6uIyzp9XKVRPVwnq3DmpxfZ53RsU+sTpG7llPZ9WaoyS1rOUY90YWvLwvc0xEbOlbJM/Fr18fSP592OzV01aSumuTW81zGkruO/PTVkwvre4MW2fWXR/6rhvZ6PyItw8/beUgZYAAAAAAAAAAAAAAAAAAAAAAOS+l79b/24fFlLino+xe5Pu5oik9FDd2PilRxNCq9VGc2/OnNaLi9d3E38N/yOZ2xGvCz7x9270xwGHwlaGIjUjXjWVSrCmlC1SsnDKlkVurbnmb5RlvuXMmKJtzS4PDcblrjnBWOs9I+bw9fH1VCrSUnKNScZVr/AG6ilnlU7nff4rkK26TqxlwVi1a08Okz5+f0/V6rHYnqq8MPCPqYWMaOn/Mm4rN36b/BmfFCK81ZmfPWfaPB5/ayUsRVUeM0vxWSf5kL7rXCdMWstfDxtO3JkG/XWNX1h0d+q4b2ej8iLcOBbeUiZRAAAAAAAAAAAAAAAAAAAAAAOS+mH9bH93D5pFLinouxu5Pu5muBSeiq24YeCg69dyjQUsqUf1mIq7+qpLnuvLdFeSN2DHNp5vBz+0eLrir+HEc1rbR+6K25j3Vp0nFUozVTE6RldUacuqywzyd5O8Km/nfii7M1tEavO46ZcNrckRrtr00jz09tmHYeLo4eqpVIqpQnTdKfHIpP11z7yMT16t+WsRWJxz06dfX/ADL0u0KtOhHNUtOVOm3hqn/VptWjG/GSul4a8ycdP0Vbc19dPHvR5f4l5ZYdxSnJ5pZc07WupSb5rXvXia531Xcdvg5WvhX2vMi3THR9Y9HPqmG9no/Ii3Dz9t5SJlEAAAAAAAAAAAAAAAAAAAAAA5P6Yl9LH91D55FLivB6LsXuz7uc7Pw3W1IwclCOrnN7qdKMc1So/CMZPyKlKc9uV28+aMOKck+EIzbG05V6kXTg1dKnhaW/qKDfZuuNSbeZ83LwRf5In4Y7sfm81Ge1JnLbrkt167Vjz/aPJhlseaqQor6XESaVkszi7Zmlw0XLTVGbTpPLCOKnNX8S/jtM/nPlGm3u9jjMHs7A0aeJjRqYrPZRnLtdrlLNpB3vwurPkSjl0iWq1s1rTWZ00+v7z9nmNqbZli5U4VVToUVNNRTbbaT0cv6EZvzNteGnFGvjP1n+b+LWxtW8bXd5O7ve6il2U/HSXmQmVjDXx8v5/hpYb1l4ow2Ts+sejX1TDezUfkRbh5+28pIyiAAAAAAAAAAAAAAAAAAAAAAcs9Lsb1YL9jH55FPinoOxu7Pu5rBWw+L1tJ06NLvy1cRSjP8AhTX4jTw06TNvKF7tWOelMf8A2tDe2DsiFCniMa0pZIvqYyd7SypNa8Lypw8K3ci1iyc1OafDVxuO4X8PiZw02tpos2Dhurw+I2rUnKMoPLhpcalW/bk19pTbyvub5EKxOnN4/qsZr154xRHw6af/ADH6zPWPkkqu0KFbDzxKjmwtRNYuj9rD1+NSK4Xdr+UuZsnzU4jWYrr1juzPjHjE/wA9HhMNRzUKlTR3zqN9ZU5UnTqLXvi5LyRKKxEIZc9pyViPBrxqOUU3d9lb3+RXnpLrY5i1ItHirh12l4oyjL6v6MfU8L7NR+RFuNnn796UmZRAAAAAAAAAAAAAAAAAAAAAAOY+luH0lKXB0ml4qTv8UVOK2h3uxbd6HKsXs9SqUqqSvGpFS03xk0vybRXxX+Gaejo8bw8fiY88bxMRPtPT8kphMPi61Ghh3LL10pRpU1GzlGcoJ16j5fQppfs0+KvbtEVry1cbDe+XJObJO0afSP0jr7p2dTDVKFHZdWHV0+rVOFZK0YY6G+C79U/GTRGtomOWfr6tmbDal5zV9+X/AMfD/Htq55tTCVcPOph6jcHp1yT7NWEXmhPv4GJ1r0b6xXNpeJ9Z/f0nwlTaEuppVKbVpXytftOqw8Zr+KovwlqNnCtbW82jzaUIWilyVvyKdp1l6DDXlxxHlC7DNZiWktU5K66a9X1b0W+p4X2aj8iLUbOFfvSlDKIAAAAAAAAAAAAAAAAAAAAABzT0t3z0eXVy9+bX+RV4ruw7XYvfs8RsfZk8Q5KMKk6ay9a4LWEJO11r61lK3hwK/D45tbXwh1+0uLpixTSe9MdP3ep2K4yxmMxMIqfU0WsPBcs8qUElw7NKEfMtf3TLizH9ClNdItvPvMzP2j6NTpbg6awWJwz1lRpwqzqrS+KnJzlbk3e/cpxM7Ry+X6oxa1skZNotrER5RWOn0+8PA7FpVK1SWKrwr4lwyyl1dKUusqRj2IuW6ysm0rvVaWuMdeaeZjis046fhdOad9No9P1n3eUni5VKilUTcs8nJJaucpylLTnd/kbbdYnRz8Vorki1toltRqZouVuO7jvsVuXS2jtfjc+K16x/NdG9DEJwjTUUrPelq9dPyv8A/DdNomNFDHhtW8W9X1B0Vd8FhH/tqPyI2RspX70pUyiAAAAAAAAAAAAAAAAAAAAAAc19LXrUfuS+YqcVtDu9i72+SC2Dtd4KhSyWzVq9ectL3jTgoQi+Sz3k+6ElxGG0Ux6ycdgvxPFzWvhpH1iZYNmbV/Q6v6TZyjlmqyVrzhJ5nPldSV/OTIY8s6rnGcBWMUVr0jbXy9fbfX3WdNcRKVOhgKbjUrYiSr15RfZk5tOKzf5L214RgjZO0Vjef5/lQrERa2SY0rX4Yj0jf5zt85WKvh3g8RRpKTo0YqnCcZOMsRWktJRtbtSqNW55kWKzEx0cvNW8W1vvPX6ue7SpKWN7LvJ1o3a4zi7Sn5yV/Mha2sS34sOlq6+PX5Rqj5xlmbi45J1Zyj3RzOSfmrGLTTXXybMVM8ViPC3+25SVvf8Al/fwNXgu8szPs+pOif1LCezUfkRajZw796UsZRAAAAAAAAAAAAAAAAAAAAAAOb+lpdqh9yfxRU4raHc7G3t8nP8AD1nLInoowyxXJOUpvzzTk/PuKl7a6RG0O7w2Hl5r23tOv6R+TaxlRRg5N2STbZmsTM6Q25r1pSbX28UFQwk6lSMKN5yn2IRT0yterm4QSzeTfnspa1p5Yjr/ADVzs+HDip+Je2tY6xHn5R66f7S+38RDCU44SlLNODbnJcazVpVLf5ktIx+ytd6iWrWjHXlru4uLFbisk5svSv39I8/J5KNJwTq+rNxcKS4xjulPwV3+Ky4M106Rr4feVvPX8TJy1jSZjT/1r6+stXJrySVl3L+0vcQmei1Wnxa+EdIXx3iGL7PqLok/8FhPZqPyIuxs81fvSljKIAAAUuBTMAuAuBW4ACoAAAAAAAAAAA5x6W1+o+7U+MSrxW0O32Nvb5OdYX1jn+L1EbJXE4WOVqs43t6mRTkuKvGTUU9ztJp9xZrWaxrM6fdzMubHltNIpOTTy7v1aGBxtLDKbo5o1aiyKapwjKhSWsnGMZNZpysr30UL8VfdW9aRrNtZnxczLgycRk5aY+Wtd416aoitOCvkgr33zk5t+Vo63/zZzVOWnrK5Thc+0ctI9NZn6zt8kbWk22223xb3vl4LuWi4EZvNp1lvx4KYo0rvO8+MteRliVEThoybPqDoe74HCP8A2tH5EXa7PNZI0vKYMoKNgWuYFjqAWOoBTOBcpAXJgXpgVuBcAAAAAAAAAAAOdel12WHfdV/9StxMaxDsdkXis2mfRzvZsrVE9G1eSvuzRTaTXFXSKFNIt1elyxM4piPHp9W5iF2Xve/Vu7b3tt8XxJWmZ6ynipWkRWsaRCBqL4kJnVKKRXXTxmZa1QQhZiw9DrKkKd8uaVr8uL0N2OvNOijxOWMVJt+RtnBRo1HCLclZPXer8HY3XpyzpCnw3E/i11t0loEYTyPprodV/wABg/ZaPyIvV2eby9+fdKyrGWtY6wFjqAUzAVuBVMC9MC9MC9MC4C8AAAAAAAAAAAc69L67GH4/rPH7Joz7On2bprbX0/VzXCy7SObPSXrcc81ImHqcHsyjVpxlKqlJ5s1OLj1jtnslfTXLHfz8L2KUrMazKnxHFZcdprWvTz8PDyROI6LK/Yrxmneyj2nvgkr3V/XTctFZN9xmcceGipHFzG/NHv8A6/JG/wD4DdNVM7tKhKpHVL6RJONPXfdX1st2nMRTx6bF88xM11tvp8vPorszZ0KGISdSFWTjJJ8pKbVt/rWi/DU3UiIvopcVe18EzpPz8v21aHSxpyptb3HXna6cU/ezOXdHgYmKT5c0IORpqv5X0V0TqNYLCLlhqPyIu12eZy9+fdLZySC5SAuTAqmBVMC9MC9MC5MC9MCtwMwAAAAAAAAAAA5/6WoxcKGZtRvV1STe6NtHvNWTTpqvcJN4rbk36fdy3DesvE5du89jg/4416JSu7R13W5aE4rMwWy0pPWXn6so84teK1/u5H8OUZ4mkxrEqZqKi80FKpmjLNmi7RSl2MsotW1vfjZci1ivFa6TDjcZgy5cs2rk0jTzlr7PrZKqnBKzloo20u9Ipcty07zPN8esdGJxWjBNLfFHn7ef3X9IZZq11bLZJWvrkbTXjmv5WGSeurHB0mMcV9dZ/RFzIVb8rv3RStfB4X2el+UUi/XZ5nJ35TUZmUGWMgL0wLswFVIC9MC9MC9MC+IFwGcAAAAAAAAAAAc99LqfVUHylUXvUf6GjPOkOl2bSbXmI3cu2ZFzqRheMbuyctIrTi14HPmIm0aPUYrXpjmbRt6df8vTPZlaKzOm6kE2moT36qG+Oq1kkbYx2hCeKxX+GLaT6wicTTpqUlLC4mL4Wu7Lde7WuqevjyGuk92Wia80RMXr/Pm1MXRgs6jQxEZJWWi7LaWW9lq9U9ODHppLERtM3rp/PVD0sNOWaUHeUMkn3NtZVd/a7u5itLT1gzcRjrPJbaei2WBno5yjFc293Dy0J8k+LTPEU2rE/Ro4hJNpNNcGIjqje2say7L0JxD/AESgnwpR9xertDzmXvz7vT06plrZ4VAMsZAXpgXxQGWMGBmjSYGWNFgZFTAuyAXAAAAAAAAAAACF6U7JhiqEqc1db1Z2cZLinzI2rFo0ltwZ74b89N3JcT0PqRb6mrGVn6tROM15q6fjoUr8HP8AbL0WDt3Htkrp7MEtk4yC0pSffCcX+Sd/yNU4ctfBfr2lweSO/Hzif2Q+I/TIN3WLi+P61X8/N+9kYrkjzbJvwto6TX8mvKWLleyxTb32VXV7tfcvcSiL+rVa3DR/1/JjlgMY0l1VWKW66ypPnZtK/fvN9Zy8nJ4Ofkng4y/izaNffWPo1J7OmtZypw53mpS90LiMNvFrv2hgrt19obmyNhddNLtzjfV2yxflvZvriiN3Ozcfa/Ssafd17ZGznCKiluS4G5z01RwM3wYG7S2dPjoBsw2fzYGeGDigMsaMVwAvUUBUAAAAAAAAAAAAAAABSSuBC7T2DCrra0ua0fvAgq/RyvH1aja5Sipfm9QNCtsHFfs//GS+EgNKp0XxUt7X8X85GNBi/wCAak/Wk/chozqkMD6NqSac7y8Row9bszozh6O6CMiYhRityS8gMgAAAAAAAAAAAAAAAAAAAAAAAAApYCmVAMiArlAqAAAAAAAAAAAAAAAAAAAAAAAAAAAAAAAAAAAAAAAAAAAAAAAAAAAAAAAAAAAAAAAAAAAAAAAAAAAAAAAAAAH/2Q=='),
(3, 2, 'Cơm Chiên Trứng', 35000, 'data:image/jpeg;base64,/9j/4AAQSkZJRgABAQAAAQABAAD/2wCEAAkGBxMTEhUSExMWFhUXGSAYGBgYGBgdGhgaGBgYGBgfGhgbHSghHx0lHxgdITEhJSktLi4uHR8zODMsNygtLisBCgoKDg0OGxAQGzImICU1LzctLS4tLS0tNS0tLS0tLS01LS0vKy0tLS0tLS0tLS0tLS0tLS0tLS0vLS0tLS0tLf/AABEIAKgBLAMBIgACEQEDEQH/xAAcAAACAgMBAQAAAAAAAAAAAAAEBQMGAAIHAQj/xAA/EAACAQIEAwYEAwcFAAAHAAABAhEAAwQSITEFQVEGEyJhcYEykaGxQnLBBxQjM1LR8BViguHxFkNjkqLC0v/EABoBAAIDAQEAAAAAAAAAAAAAAAMEAQIFAAb/xAAvEQACAgEEAQIFBAICAwAAAAABAgARAwQSITFBE1EFIjJhcYGRodHB8BQjseHx/9oADAMBAAIRAxEAPwAHDtJH5R7xFR41TB1mJjb/ACa3RtF/LPyA0qLFfBmkTm67zPOsKbUU4hjmDcv/AA/91PZf4k6if/2H1FC4pvCD579P8kV5hzJU+mp8if0qxFiVuDcRb4X84Ppyovh/A7+MYW7CZnEST8Kg6Es3Iaep1iatfZj9nl3FAPiJtWf/AM7n5QfhXzPsOddZ4Xwy1h7YtWUCIOQ5nqTuT5mmMeImiYDLmC8CVvsf2DsYMC40Xb++cjRT/wDTU7fm3+1W2vSayKaArgRJmLGzNGIAJO1C2OIqzZYIHUxU2MMI3Uiq1hb+pUiI51n6zVvhZa6hsOJXBuWwkRM6Cl+L4oiqzTGUTmMQANyZ2oEYmFKg6nl/3Va4nxUd9btXlyW2VnZjqpdSAqE9YOaOenSgvrsuQgIK95f0FUEtGVvt/hzfTDq4uu06pqqwCdWGhOmwqS9xV7twAAZANyNydgPSKT4bszhmbvRbBdbrXM+XKSxJIB2lRI8jAPWp8A95b7retBbZJNp12gHTMQSASORjWaDnzuy0rEjzOxrtPzj8VHeDxt5bYVm8QJEwNpMe0UFbu37d5774h3VRAtgBbYBic3UjXUnSmmTMBqPUULbuWr3eWpzBfC66jfyofr5aHzH7XCbUvkSG/wBtrCuJuLH9K6n5inicYtmCAYPPSubdoOziWJZLUWmM5l1KsTs8nVTyI2mNaO7KcJvKC6lBZeZ/qkEiQANvInz9Sf8ALzYwdps98/7xE1IbLsZa/Evx4is7af5yomxfV5ynUcufypG1ogQNa9eVGbNEDU9OuvpR8XxHJfziHbTJ4jxWUmAQTW8VX+GX9mBBnUem9R9reOm1hmCaXHIRSOWYGT5EAH3ij6X4kuRCXFGcNCzZAic3FfabtG9x2w2GbKo0uXRvPNUP0JqrWTbTwqMzTueZ+5qfDBbduBqeZpbgwVuBoBI1AMwPOsnNnfUMS3Xieu02jXFjKY+h+5Ma2rN6SCpB9OVQ4/ClLigEnTUnr5CrNwbGlwSwE+VMLmCVtYBNA4U0wgDrDifaw6lNLlFBdjJOltRqR1J5VGMQpYsRlX/cfn6mrFi+CQ2bNSbGXsKAUCNnXnlO/udRRNi9wq5lflbP4gb2rdzYzRnZztW+DLWLivdt/wDywCJU8wCT8J6cvekllJvi4JAPxQIG3IedR8WxMOpHxAj70fDkbG1oYQ411KnHkFiXvFduVZSHwTMh3DMhBHmCpFVvENw66SRh7+HLb5Mr255HITp/xit8HbuXATlkcydBWW3ZSEOUfI/art8Qyn6gDEx8P0oFBSD9j/8AYo/0rWLbrdU/DllXHl3bAE+i5qW4q01smVMbQRB+VW/F4RWHwiazAY9JWxjUF21MLcPx2ukPvl8p0+lExahXNNx/4gM2gIUtiN148/8Av+JULLndACDvr7GPOpkxK6GdRzG3uOVXji/7Mfx4S6Af6Lmx/wCa/qKp/FOA4iyf41t7Z5ORKHlBdZU+kz9qbfEy9iZS5Fbqed5nynbof0oTG3iGALQY6E8ztFaWbpRspGU81Gx6Fa24kZYbbefU1Ve5LdQ1rhyod5EDbp0+VQO2hB6AifIwa0uXPDb5DQAf8YpnwDs/exphBlQSGdtlnp1Ou3ly3qgBJoS5IAsyujBPiCLdpGdy0BVEnQ/LbntXV+x3YBLAW7icty6NQv4E/wD6bz26dasXZ7s9YwiZbS+I/E5+JvfkPIU1p7Hhrlollz3wJ7XhrKw0aL3NaXcSxJQjx77KN/M+nnW+K4mqubcEsADtprPPqI+oqunBr3r3yzXLrDbTRQZCqOQkczvPU1na3UKEKqeftC4kN3XEKxXEhmUasx0ERsOep20pPxK2Lai47NLMqbMQM5CqIGkyQJPWpcRg7VjNiApDwTEwF0ltBp+HXf60vwvaI33/AHfucxeGVTlGRFKks8nWDBgazWWihyS/MbLFR8se2eE2sysykkcpOQk8yuxPrtU+H4bZSRbULrOnX39aJxlsgAgmqZjuO37l9ltHKEOXYRKnmdyTG3n71A3MSPAkgWLlzGFmDJmhb99bKs14+D4RI31jYesUfYMoCeY5edVztPYuMFAYMisGYMJJM6SANV5VZiuPmBdqBMc3NEzW115AesUj4lfVT3hBW6NMy7+h6+9a4rtBeyxaAzH6bbcvKkV+7dZsxaDmzTOxmflNJud5BuAy6vGoruNO0Nu74bbvnGjCVAg6jcCs4djjhbffHUM4Qrr4RB8Wk84G1G8LuXbrFrttQxACZWOwOpgjTed6G7RcOTu7wcsAF0AbKQW6Ebk/3qVJDAt1I9Oj6oP7wzs52m/e+9DWzZKOAA27KRoRIE6hhA8qF7QYjFYRjpcxNi5O6gtbJ0KllKnKZEEjTUTVDxWIvEKSSoGhKg8zpsDrA3pumLxGY5i5tMJXxMCumzKTqOmnrTf0ciufF+33i4125arn3EcYPC4jEor4d7toL4Ct2Vy5QBCEAhh5+VPeFcFuC0beKum9mMzJOXoMxMnaZgUr4Hh7rgk3GXcQCScpHLUieXrB8qP/ANH7u9ZKXbzKoOZHYlSMhUTtrJ+9DUq6muI7h3qwejf5/wARL2p4QcMUKFmV53jQjUCR5T8qrVxyTrt0BiugdoMMLlprN4MVeQhQEuJ5DTcdek1SsD+zi7mS5axgZIMhwx11ECNvOdRHsDYwhBJNTdw/Fsg2qy37m68+34j/ALD8NIHekwpnKnImdSfenHHuOraAtrBc7gchz+dUO73th3tEuMhylrZbLJAIg9SCNPOtVuC2xDZs865/i2ETO2lSbA6mgdGc2b1XNjwBLOvaIFG7xHBUxoJBnYg/3pHicctxYKsCJKhAC/8Ay9+pFDXMUhEFiOtDnidpBC6/51qqrfiEOka6QVC+8ZbYzxmjWK17MYHvr+c6rb18i3IfrS3DrexT5bamDuYMD1NX7gWEt4dBazAnn1miha7hs+T0cZUG2Mg4rh3uaFgiDlMD3oAYCyoLG8GI5BTqfLXWrLjcDbYS8+VA2uCWCCQ56/F0oLqIgmoASrI/AiazbJ+GYO3L560NxR4WN/rRWOxD2+7tqA2ZoICifMEzIMDnQvFz3aQxliNT19KGqAUR5jGnzbnnSux3FUu4WyDcU3AgVlzDNK+HUb8pp6w5fSuE8LSywlj4pp/g+IYqx4rF8so/A/iX67e0VsY/iir8jiY2p+DBnJxv+h4/mXXjfYrB4keK33bcmt+Ej2+H6VRuL9gbttwq37brl0LKytEnQxIPr9KvHZntWmJPduvd3v6Ts3mp/Tf1qTjw/iD8v6tWiqYco3LMXKM+nb034MofY7sa+JRLl6Us6Ho1wQvw9F03+XWuq4XDJbQW0UKqiABsK8wf8tPyj7CpqGmMJ1K5cpaZWCsrKvAXzNMVdCKSfb1pLf46FSZBMnX00+c1tx2+xe2iAFZJuHoI0A/3E/IT5VWG4Xaw7XMTnZUJzMhI7pSQBKrGh577k1l6nUOHIU1G8agjkQyxbe6Tc73QjQAaTO870z7jYfiA36Tymq1wXtHhzcKI4Cs0JmMCY1joNNB509e1eyyMrnlEqN9Z11rNXHVluzGd+7o8QXHxmCAZpYAjkszE+sbUt4ZabDYhkOGYh2l7ysuWI8AgkNp0AIkkzRfaC1iLi2lsMqOLqO418SIcxXMNpgammPEMJaKNbuaK4OaGIOu/iBkHzFFAVBx5gySZNxO6otMXOVRB36ER9YoW3btfGyASZnLufbel3DsVawo7hHuXULEKrZ3ZQAJAaCSq+fXep8RxexpatfxLm0E7RvJOugFAGMrZu5feOo0ui0QNTA1MEgacif0qocY4kzXCLZcDYeIxA5xGnzq1YPhVtAzwrO8FjGhgQNNpA0ml+J4chDPkPQa6acgJ0oTgA81BZ0ORNqmpW7F7NOY7Uy4Lw83WOmgjX3+tKsHba7edLdpvCIiI3G+8cxFW7g/D7lhA0EmNQdCY5f8AdCyIR/EAuiUEbjf9wPG8RNq/mR1ZEJGQGIOxBHOI0NKcfeOIum4Cwk/C7eFREnKdAOdR45nu3GdtpMHKo5/7RrUiWmCjwmN80GDvzqWcgVfEWYPkYhvp/qCPcAOh2008oB+/1rbhjteJW3qwMMDpHvsfakXaPgzXLqXVaQD4lJMlZltZ8hpFXLs5hhlAtKFPOfL770b002Ag2T4l8OmxM1ho1wOGe2n8zLprCifrTbDXifiBB6frWloLcEkQ22vlpr1oy1bnUiDrseVcikn5TNSwBUCxV0q4UMIOslSemkzHOtMXibNlCz6Zmkkakk6Exzqe/bkEDVhsCefKkV+33uLtI5Hd2wWI5FxoBM8jrFSLBrxLLRjG3jLF7NZ+LxaxIkqQZkdCBr5Ui7Qdi3v4kXu8XJoGUyGgf7hMnXy2qVLNvhxDKt17TsczmG7qQBqfiyk69Br5CrVacOAymVPTb50yMhXrn2k6fVZMTEqaP9zn/arsdbSwzWAxuJBIljmXmMuusazziqlg8ChGYRPnr959jXb2cbMRrtrroKonbPg/8Nb2HTVWysiJq2Y7kgbj9TVvX3fKDRmzodcX/wCrKe/MU2sZe7kWs5G+YwJ30EjWIrFwglFNwKAZzeY1HvIpRb4kQYbQjcMII9QalfiVsgTBqm1geprHTsFpPMbY7tI72gAAHnYHUQdNOcistX5EtKyIO4PnSpuM21HhUe1AYni7PoKkY2PiVx6RqogVLE3F7VrxDUjTX+9KziWxl4JsvlyFD8L4BdvmWlF6mn+H4aLKFLTSx3MiTVigXnsyduHEaTv39oU3DLaWxbgsRJDEDQnnoNfevEw+Qk5vYaD5VBY4niEJVrg03lQD9q9cNfksw2iQAD9KWYcxT0Sh3V/MF4gLgcXE0KGQRuCNZq+rxL95t2rwEFrfiHRgzBh8xVNNpESC3uae9mbZXDrOzEsPQkgfafetP4XkIcr4iHxpFfTq5HINfoZesH/LT8o+wqeKhwX8tPyj7CiAK1bnkxzNSQCASJO3nS3ivGrdq2zGZGgAGpPlWvFhLggkEbeVKsRaDnLcXMI09fKsbUfEmx5ChWvvHcemDLdyt4Djjs10m1lUEMSCSdREkeUa15xrHAWrmd1ykZSh6MY1nn/1Vr4bh1tLkEBeQH1k8zU7XbWYjTNE7fI0haOd11DFWUbROV9h+Crf77MwOUZV8iZIZoIJ229aZ4LtZ3Vz91sWb2IurMiMmoOpIMxvz2qx8awlvDYPEthlCHu3aV0JOU6+u50rk/ZHC4p74v2S4KHM78yDOaSwIaec+taCqHBcxN8jJtxr58zsK465lRmtC27bqdQDrAzDQkxQXFxcFl3aCyqWgHaBMT19qGx/FrjW7asi3FOViglcxUzEyPI1qeL/ALyty2ltkAQqUjnBBGbbpzrPCbqu+443A4ingnH8OHXFK0hUKMjsguKXIJIGgKmAJnyqz8Z4XZZ0vW1y3mcfxFBOmWHzCY+EQCeeXfY847PdmrV+y7vZZFzZWBuHMGQwY9Dp7bV0PC4o4e0lhV8IARSTJAA3JjX186bzBcX0mCRC6jd3D8BetA/u4uywEasDcJ5z5+1QYpXsIcqs1vUwSSRO+p396G4LgA63MQiZLucwxIl4icx9SdtqsGGvJdtwSGBEHr5gis/Iu5u4bqQcFuo9vvLIALAFgfikcjUPGbrtYf4lYSVysASQNAT51KuBFlWFhQDBKgkgZjsGaCYn1gctKQjF3gXbFFbeactu22YnKNcrQNDHT5bUcodv29oEsAbMJ4fhVulUy5CR8M7etA8YwxtuLYLRtBOgPMAfWj+DN3xt3rZCyDmjcQV58+VMeI4R3JY5SJ3ncbaiKUfGb4EjIBlTvuU9wJjb+9G8HsHvFCuU6EjQ/wB6sWL4dYNuMozbzzmoMNaNrLmUKkaEnmSNPpXHGymCw4KbnqOLqLkKgb6wOZpFY4myvfDB2yMFQCBI7tG01EkliPlTRMSp8JjnpS+6i4m5ZItv/CJYEqwggRGYiNyDHl5Uwh+fk9xuuIbw4SO+KlXII8YgiDzE+9CY7GYYr3N7KO8BBIOUNybUGQTrB+tRY/B3rYuXhczDVsrtGTQCFEajSdT96qKo2IuAQGYmQTpJHnVt5VoHJko0BZl44Th3VClxLS2xogQk+HX4hlAGn61pwe5aVLndjLnuMzDUiTAJE7DTYUdYsFVKliehOsDTStLGCB1IKjoefWqOzH6YdVXszZcIGGZYziQGYTudfbT6CvUtAArIztvpufSvFt3QFFtl+LXOD8OpMRGuw1+tbZ2Y5gFJBI0PLY1C412gnuX3G5Ue0/YkXw17vGF7LMQCpyjQdeW9UThvZu9dUPlyIdc7nKsdZOp9prpfau3fe2WQ5sozG2oOYxtlYbkHce42pd2f4OMRZtXcRcZ2dZ8LeFdT1Gh0gjl7U2uUrju5oaT4qyE4n/Q/4lWXsshYhbytGpIMLEdd99Kn4PwuyR3jeATAXUs0CTBP9vepOIdwt64kg5GKg+h6j/NK8w2JtIdGn1MxUHI57m0PWYd9yz8LxttgVIyqo3OxmguO4ZYi0gYjUwNYOu/Ma0B4WkC5AaJg6af59qIuXrUyW1jKYMSNteRoZvzFRjyK+5bm9hZt5S2kQPLyqILljKQFHpM/Lb1oC7xOzbBCCB0n9KRYnij3HyoCWYwABqT5CpXGX6jaadq3NwI4x+OQ3ArtCSJ01jntV5/fLGS3kvW4y/1jTxMeZ865pw7hryTdQgyRruCN5G49+oonH4Jcw9P1NN6fOMDUOYtr9Pi1GMAP1O5YIfw0/KPsKKFD4L+Wn5R9hRFbE8SogHFMOx8SxpSFwx0YehBp3xi+RCjY7+dJMSG0yaNv1rzXxIr6tATR017bM9fPmRViOfWBW18iSBox5+nWvEvEEKykEncCR79KlFy3qfr6Ug1qKh/MExWLFsQ0kctKqi38U6NhsN8ZJuFpVSlswIJJ1Jb6aVbywcyJ5jbn1nlVR7PtasYrEi9dJuGGk7EDNAG+wIIHOZ5U9pmJNnqL5VsVLFgOD2VtgXgbj6EjUgEawI5CjBetFFe2VybyCIIIkR9KF/1rNlWwuYMR4jIEczrqa1vYEh08eVJ2ERI2H/lS7OlbTxO2g9wfFX1uTh7SnMWJYxAEmWMnfeiuL4+1hbTXu7LFFmBBZyonSeca0r4/g2Dd8boVBqYkNOy78qLwfZeRmuuXuHVtdJ6DyFcXvmWVB5MK4DxX96sW77eBbgzLbBBjeJMann5U3sWVRTlCiTNVzgvCmw902woFtSWGTRVDknLtvrPz6Uw4mGLL3RkMcus+E+woGTbZYDz7+JIvq5LheIorm2zgG4ZVSw3AAIX5THma51214wGxAtjS5bYqSDoYhlIPudORkV0oYKcttrSsvUqpUR5HX6VWO3HZS1fyNZ7u1fVhLBfiU6NmjfeR8p1p3AUIAaJavEzqQsV9luOWsOWFxgq6ZZYAZWMrvz1ikSdorveuEukjvCB4jDeLT15VV+LYN8PiTavzcZDrBIBBUMILDo1W3s32He+6YhbyGyzZ4EzpybQazoR9aZbToq23mI41cqEB5B/idAx1q4EkMC4EhAdWbWP+Om9U3H9q8XibbYdsNAYgeDUiGGkkx8Q+L1q9cRxBs3sPYRGYuC2eC2QIVzkxqJDb7fSmuFwaKWKhQH12G5JJ+cz7mkl/6yeO5ouhcAXUpPY/g12zeRriFNJIYoTzAjKTTfgHHLlzF37AA7pQxtjn4GRTB5glmPlpR+MxaoxtjRo3MajXbWYrOBcLRPGurNOZp1MksfTU/QdKoji6bs+0JjwjGtDr7wPjOBR3GdmLk/DpBj7etb4W0ocMxGZRlUcgDE+5is4siqWznLrKtMkRp9elIiYUmSU2Z0hik7HLmkeu1Asj5VENQJuW7EcQNvUDTrE6nTlrU1viUxmgEmNZH3pRhnF62ttXhhBUkCdOqgkHTzp29q2VCPDR8/WrL6m76qE41XU2a6ANIJoezbIzEKF5gTvoCSdNNZHPYVAtl87ZmAtk+HKPENt62Flu8Lhy2XTKYG45xvXM6ljx1OUUINh7gJzkmNtOv/tB8WtrgcN/CWFEkIMxLMzFoXcklmPoPSm2Nwz3bekJBnXWY9K0XCnMj3IbJOSfwyIJ9Y0n16mrY2K8MLBksN3I7nKMXw5rq3MSbF2yJzOGiJYzK6AxrsRoaVYTA3XIABE7GOu1dS7c4/LZ7rupV/xj4VIIInz6VU1QjVd5Eeg6U563sJ6f4fmzHT2558Su3sJeQwZ/uOoIkEVEti62i+JpjLrPrtt51Ze7ZI0ZxBGUx4TyI5ERy8qiXBEg5ih0+HNDA+pG3v8AOreqLjA1GRuOomwHA8TduC3kykiQT8Mfm250z7PcFC3jnXMY2/pYbEMOlP7Flu47kkhYgMDqIMgTzoF37sDLsNJnpUPlP4lbfLatz7f7/iFX5DOzN8WhLAT7GKW4ruwQBrpvr1NHjiDmMoVV5L8Q89TqfnQWPsnNOmon6mlkFNwItlxhE5FTtOC/lp+UfYUQKHwf8tPyj7CiFr1BnhxBeJYPvF3gjY0pwMoMramTr16VYLmxpHeJ0gVja4Krg1z7xnCSQRFvGsZ4f4eXNyzTHvGvtSjB8U/eLbm0VkjKGEOEf236wY9qTftC4ZdU/vOHZ1ZtLgVjrAhTl8hNVTs92xvYFBh7YS4rPIzI2YFoDfC4n0pYaZcq2DzO/wCX6eTYwnY7SMqARMb1zft32fe5cS5bBKvcRXUCY8UBo6AHWrXjcRiHWCwtyNSs8+hJongmGYplaWYaZidG9ANulBweph57rqNn3iDAYfEWLjtlLJnkFuXWBvl12jkasd+4zIgnWcxMET7Gj1wTMczEJHw8/f8A9oHiTi2pctnjnGn00gVbaDbsKuQWviIe0CEjK/iOyjzPIAczpT3CPeXKmZmAGrMBPuRGtbcMwNtcmIY5nI3OwDgTA/X1rTE3r1m5OUXLJ2g+JSdgeUcvT61bbkSVujI+K8XVCq2ity4YBA2nzI50zYXygayqK53DnQf/AG1QuJcNvYcd9dVERm8OUjTMSwUqIHLl9KdYNMdl8NwqRsHB6bSRr71VcQU01wS5i7FaqpZU4jdtAAw7zDEjKOcwOX1pWmbvGaCDMgkg60jwWIxTX1W5cnvCWKgDwQIgHflt61bMXhCtolPGwE6mM0enOrHni+BDVtP5iHEdjhiGe5iXjOQwCRuogTmBiRoQOVM8DhsPYW0bYVFA1CgAN4R4mjnpvSHF8Va1aK4hy5eRlTTwncA6EaHeibmGwmMtILF8wIBGhDBYlbiaHlHKoCvk6PywRKKx4+aObXarDNfW0njuN4QVAOgBYyZ0GlF4YXQyq7TCkkxGYz01iPWgcNwnC2n7y1YtJcGxVQNhGkbbxIo5OL2nttdzQtssHbkpX4tdiB+lXdS1ATlau5XOIcDutinvMzEb2kSNeRDE8tNvOik4kyNkYFIPMgEjyg05wfFEuqsECfgkiSB0oLjeFtlVN5B8WhnXXkI1pfIl83Dq3gzL+E/eEYArvIBM6jYmP81qPh/BBYbPIZ48UaKPbzmsxUeFVGWdE5GV1ifmfatsIrAkHOSx10P/AJXYmDiyJU4+bE3xGDzFblsSWgEA5dADBBGxG1apxFSFUmSTGYldx1jSRtRGJxQs2ydlGo3nz0qtcMwmHDvjWWe9YulvLCp+EsQdCzQWJ/3c96sdpBJPVfvJpjwJb1g6TUpkSQsg7kb6UuwStcOfVQdt9RygVvhmuv3lp0QKNCwYy07RG2kc6GjByZZlqRW8bcnOwzWyDqI0id/lFTYPiguMFywDqp9Oo/WpMFetyUU6rpk0gRpQndizcy2hIbTKdckDkeh6VKHb3zOPJ4iztZxQdw9tNSTlIgmBOpHyqo4TNA1rox4XKNKjOem1UjHcPfDsQR70dcbKlzf+G5sew4x3MsMWOWIgaz7fpr7VFjlUwUDwdN+YieWm/Sst4gczH+daktkHQmT9aizHdrBt0bYBUu28reHT0zDy/vSS/gClw2yZUiVNMsMwGWEEqIzTM9DB2io2sAayJmqtkMVw5HVz7SAYeQcx22jmR19qCxrQQN4HP1NE4rGAaA6+VJMdectvGnn1PSiYlJa4xlxkpZnecH/LT8q/YUQKHwf8tPyj7CiFNenM8BNMTdyrPPl60gxEyDPqOtOeILIA96WXMLM61574gS+Xb4EbwUFuLOI2O8tsm4I/yKScO4XhWfM9tGLaRAMfL71YDhbsmCPIHn71UBxv92xQweXO7Opd1WFtLc2DbmZGkwPEPSlcOJiflHUI7ADmWbFYYC9bKeGARl/CRBgR1G8+Xy8uLcjMjZZ/DAgidwetIuGfs9tLdN29da4kytsSoE6gMwMkDoIq5C0AAqAKq6ADYAbAUbIQKCnuVxlj9QgmHuMuYOYCqDLbc9j7UPxBTdsi4GKqYIgeILIMwQdx5aVhuE3mNy2wUaKTGVv8mRNNFvqykH5UtjZSxEMeIDYwyhh8TdJ2pPjcY7XltFmtK28xGh2nqY5Gnd3FBWCgE/X6nc0vv2cOwYXT3vNlOsZxzB8jsasHXxwJFHzG3F8Fbud13iqVRs8H+pfhPsda3xV9CMpaD8e+6qQSfTlSXFYkOES02h0JaZVRIMdWEczUlns/hjczq7fBlZQ5gr0idB6V2TNvujUhUruHYLFG4GbIIBhW6jy02qHEYJrlph3jqzhlWAQF0IB0185qRsYqHIqhVXQBRA+VEJjDv9OdK+uF+8uVPiU6z2Eu3QDevZTBVhBYqokCCW3O870t4y9rBX0w+tqIbvYkEGQdOUxqdeenOrhje1eHt5i7hWAEjUmOWgrnPFcV/qnEF7oZ7QCKSZUhcxLaHWSSRoOlamnrJj3N1M7KDhe8f1H9Z0K1gc9lbjXZBGZGEQAYgz51V+03C8Zawq4XDKj2Q5dvEc7Aktl8WkZjmnNyAiK6Bd4cLltQ2kD4VjKOnLlUOE4aqpDGY0O4nz30NUTLsa0H7xll3CmnLuynftilRs6GCzKTlzZRqSvkSPFPMV0jiHCHv2wO8AuKQysdcuuvzE/SocDjsPbutDrB0Wd5jWJ1PrzqscFx+JuYhzYL5VusXDHN4SWyrqdOUdIgaVRn3kttr3l8WMqKuXPGcAt3DZa47juWzgAxLAEaneNTsedT4+4VUvbCwmrTvAEn6VFaxovJlPxDQgTINC27mRu70AedSNCTvPypV85oBev5hQp8yr3v2j2hfAa2RYEhn1zZuqgxIEEQNftVuxXc3VRSJLQwB+LaYI9OVUW12AXvy1sF/EfGxGW15oI8RB2mo+M/s6x+Udzj2ugwCryp3AJLqdRGsHpFaGzDkAVGr3uLKcqcvz7VOlrfWcs6ruOk7VUv33Fpez5C6EnQDQjYQwG3PWjeC8CxGHVTfxhbN8aZQVBIgZHYlhrrrpJOgqxWMOABDZhymP0pE4/ScgG4dW3LZETYXC3PHdIK5pYqpEyR8iaZYNwqhm+I8+tEd0Ttprr51qbKk7TG3OP+64k9ybEmtXhOnrW+O4Wl9dq8s4dN8sH60aboS2xWSf8AOQrV0bbAQ9VAs5BBTuULiXYtgZQkfb5f2pFiOzeIU6CY6SP710jCY0uwCkmTr5DnIpy1hego+DDh1KllBE0V+M6jDQajOODCYrbun9itb2+B4q4R/CI5+Jv7V1793XoK2CgcqKPhuP3Mk/H3rhB/M57wnsGxIN5oH9KCJ9W3pxxPhVq0VRUAAXp5tVqmkPaD+YPyj7tTuLT48f0iZmp+I59QfnP6R3gv5aflH2FTrS/gPELd/D27lpwylBBBnkKPFXiNzW7ZDb0PibQERtRleOoOhpTPplcEgcwiORK3irjA6CdYnkBzpXjMIMSYDlVzAnLAzZQYDHmJg/8AEVYOI4UCYPnSYcNQsHAKsNoJA9xXmc6thYgmaSFWFzz/AE1UQKXJYkeIknXyn7UQttlGQMTOpJOvnUQtswZbmuU6RoCCOs770k492isYY5Vd2uNpkBzHyknbf67VONSxtR/cq7hR8xjzE4y282e8AuH8Mwx56e1b37NtF1nxGF5nMdtqg4LhQ9tbt22A7iSDqR099qb96NVHpNQmLbOLjxFdwNaUZiCDoTHnUGLSy6PlCyG8UdYB1jnEb+VFcXsjuybr+Ea5piOU9PnSLBcKR3DJcbuyPGwM594E7c/aqqArHd+ly13GHD8AGQv7KOUCYj1JpXZ4fftC4yZpcsTOpIQtA11/vT/jXE0weHD+HIkCGYAxtp1PlVLXt299GCqFzN4DOqqIAJndmIbTkIphMDFTuld9tQknHO0iYe0rXAc7KCLY+LUc+kU7XHNZQX7mYAjxA7DznaqFc4bbxF269+60x4SSABKkZmJ5AgGKsfZzHA4O1ae4pbKF7vmFI0BHpRW06BA3mLDUP6hRhx4jDDcNwt685u2rbbKmdVMyNQJ/TWn3AezmGwwPc2FQndtz6SSSB5Um4LetBSqEMbZiBBKkRE9DpzqPjPakIhhyrAxlkT56dPOl0ysLx0ePEMQv1GhLcLLBYz69Y3qDA4a6pOZgQfWfKqfwz9oKXHSybZ1hS8jU7bch71bsFba3bLZy/QHQD31NSybHuvElHDLwZ5c4Otx80BYHigCSTRWDwVu0CltVUb6byddaGtcTgkPCnca7ipcXftKwZnAaNNdx6DerY8qHqcVMT8d433TGFAcaHbXSQf8AOtVP/wCJBeurcYs2XQgbhSQSQOeoFb/tF4wjJFu2M0TnMAkAx4epGhjp00qncDfu8RZJYPqe8VQcyiSGBB3gQwI306UfHpA6lyfxKjU41yeme51DH9q7QtqAxAaQDlYZY0100orh/EhpDZ1gQwkrtpqNK1bs+LyMhZVWIWNTBGh+dHcJwlzDlLcq1sCJVQoEDTwyfKknVWO4H+oaxVQgJnYNmZR05H51mLXQLaMHNqQR9amZ5M7GTHOobF4OM8EEEz/xMfLShEij95IubtafUFhBG4mfasw7qoiTp1+k0NexylRcLAqIaQdNNdxVEXtt3uLW6NMPIUrGpXUZjznWfQAVfHjdySvj3gsuZMYG/wAzqBFx9ViN9edGYAb+gqPAOHWUIIK6EbEHaKLw9rLM862NFpiXXJ+8Vy5BRE3W0oMgAGsY1hNaVugAdRO7mE15NZWVJnTKQ8e/mD8v6tT2kPHv5i/l/Vq7uSJ899ge3F/htzSXsMfHaJ+q9G+h+tfSnZ3j1jG2VvWHDKfmDzBHIivky5Y10pj2Y7SYjAXRdsNGviQ/C46EdfPcVQMDGGSfW1e1VOxHbnD8Qt+A5boHjtk+IenUedWuuIgejzAOLGAGCzHzjypYlwEAxAPzqwXLQYa0LibCqNBBOn96xtdot533GsOWvlqKcTbZkYJGaNC208piqJwzsS7XBevtFxHzH4jJmTGo+ddCdwokmAKSX2xNy8rWWVbWhbMpOYaT6c49KQwCuDCZQCbmrcSOXMuioSpEQRBg6Gqxjv2gWlvFAuZIALAwS2vIj01kVv2ww83i9tyL4USqkwykxqu0jed6plrsPjLxzJkfYnxQQDoJnSdDzmjY8OIsdxgc+TKFBxiX/hnaW7cDsbULaPjObM0RIi2onaZBMiNjM0xbilu7bdLBHeJoNCAGImDpt5gdaVcKwT4RLiDJ1e42gLQJIO0DRQNNvalHZ7s9xBb7XlS2qBobvGZe9WQSVGWRvoSBt0pc6dMrEjx9+I0jsFG7uR8d7KYnGraxF2/3bMoDWmEi1Onh1HqR9dKPwPZNMCZuxdtBdHOgDCCSyzppPWrbxKxZvWvFca1ro6EBg3LcEHXkRUuFwT28Nbt3bnfmArsVAzzv4do126CjDUF0oHj2lVUISR5nILmOt3LzZEhGJgxqATmXXkNPoKxOE5TlLxJGoMMokMCB9q6Tb7PYc3LmYKoKhQsRBMyRy6AehqmdoMFilugWsMbyWwA1y1Ef7gtuQWIG5B3kaRVkyF32px+sQ1eFzkDrPP2YY1TcxAYsbpMNm6KW95kmQeopDx5HbEXdZ8bR6BjA9hXVbXZ7v+7uG89m4qKMi5JEQWDNEtOxOnlFRYbsZZt3NbWYDm5zAliTsTrVnzhW313CZcL5V29TmHBuH57iKslswzAAmEGs95sCdREdK7jhLRNnIRrsYoa1wvC2Qqd1bTeDABM7w36UU5ZSCh8J3n6RS2bOrGz+P3jGDB6a1cAx+B7vKT4tfiAgqN/Og+0VkvbQ2wpbMAGPhIRt9T7SKszAMpB1kQaU8Xxqplt5SWKkKADqNAQPprQGC4+uowpJlM4nw3KDZxIUqT4W/CffkR8xVXPDRhWLhsw6/wBIB0k7e9dY4twdb9g2357Ebqw2IPX/ALrTCcIDWgBZW2yjLDActPPMDE6+WxppPlX5TwfEW1GJc31d+8qnCeKtctMveCVggT4obXly6VZOH8VFxCQ0kaN5EbimXD+GWygzW7eZZUMFAMSdNKHucDTvFYKO75rJAzSI0jUb8+m9LZNNfKdGHxuFXaeahWHOdQV/FsKk/dFsqPEZZjPTXUwOlZiMYls/EAaXX8QXgiGI1/6mpbAuJD5PicMhY/aSDh9lswC6MTzMA+Q2iqHiuwOK73+FaUKw1ObwgyTrpImeU7V0nBoCYIyzyqx21gRT/wAM0obcTcT1wGQBZXuxXCL2Fw4tXnViNonTckSeWu1PmNbOajNb2NAi7RE/tMrK8rKJLVPa8rK9iokgVMFIeP8A8wfl/Vqf1yL9oH7S7NjFtZRGud2oVipEBpJI9pFXqdzOW3sPAGnKl2Lw8TVou4Xwr7j03P6il/EsLBMbHX56/rWcj0Y+ViPB4q5ZdblpyjqZDKdR/nSu3/s//a4l7LYxsW7mgFz8D+v9Jri+Isa0E1umla4Fln2bbuBhIMg9K0xFnMPMV819hv2l4nAkW7hN6x/ST4l/Kf0Nd97M9q8NjbYezcB6r+IHoRXOgYUYOiJPc4aX0caAzWmPtCzbkTl2hVk04rxgDoaTOjVVod+8t6h8ynX+zlh27xlLEHNJJ1JEeJdjHKZorhODyBkEBZ8MATEczz9TrVgfCIeXtypVj8CVYMhOnLypDNpMtbvb2hVyqDUHx2ETTOAwUyAdpBBBI5kHUeetaYWXXMQRMwD0mNfXf3rcuGYZ0jLqpPU6H3oXDm9nd4VbZOik66DUjpNZzB764jIIqbcW4Y11bYtOLZVw0wNQNxHnMUTasMs7E8tftWr8Tthc0naSI1oLD428wz5RkMwPxRymqbq4lwpMQjil65fa22QFGhsv+3WDJOs6VZrDs+rctPKhsfatuM6QHB10gmdCDXiYhgpVVJYn5epqwYK9k8SStjgTa8VD53kAnl+GBoab5g6+FwQdjoftVT4iLhecxKxHdgaTM5iefSPWnWEtI1vNbOWBrB1BA2NSrBr9v2MoVqoHxjC3mKgjMAScwE6AdBtvzFbYAkAQZXpWmC40+RPC9xywQqI0J1JkwAoEmfKNzFe4vA4jPcYG1btyCplix2mUy5RJkTJ60u2K+U/k/wC3C3XBhf8AqILqi/FrzP25/wDlDcU4iASmdS42GzAkfahsFhgt0XX1aMpPQHpHmBQfbHh9t/4+cgJq0HcKpPsRFHw8jk8ypq+J7w3tGLmIXDFjnUBjppJmADzI0PTWn+MF/MYK5IgETOu8j5fWqB2HK3Ft4ttXGjMeTagjaujLnuAxKgjc/wBqnJiCsUH++8ru4Bg/C76ggAwIMgbFtJP0NIr/AG1tHE3cMxKG2fCw1zwoJG2jAzprNFcSwN+wjtbCiFJTdtY2I0rjPFbd5rpe4ro93xqSpGYE6MB7cqf0+PctNxM3VZ/TYER92gPEroGKVrnd6wVAEKCfiA6RyEb1e+x3FMK2Gz3bhS4ihnUx4jAkoBuCeVMOF8Dt4jCqVNy2blvxBWIzHLlMgaT51zbGdnsRYvQ9i5roCokR5GjFflBIB7riKZtRkxmx0Z3bhKq6LeGoZQV9DTEml3BreSzbT+lQPkKMJrXw49qgQu656WrWvKyiSKJmV7XlZUy4E9rK8qvdte1Vrh+HN1zLnS2nNm5D06munRJ+1ftwMDY7q0QcRdEKP6BsXP6dT7182urMSxJJJkk7knck0z4rxG7i7737zZncz5DooHIDlXnciBNUbJRh1ShLwlsZQD5z7x+lDY7DTl8wfTw6fesrKzfMcEW3sHz5QT9Cf0pXewnlyrKyrqxEo4EW3bUE17w7iN3DuLtm4yOOan7jmKysp1DcAROx9i/2yqctrGjKdu8Hwn16V13AcQt3lD23VgdiCDWVlEIviBIqFGsisrKEyyJmUdKHxWEVhsK9rKoVB7nXFD8J3jQHyqLhWCSyHBuE5mzeIjw6AQPLSvKyszV4UQ2BGcLsRRM2xeFsOZME9QT9xUHB+DsjO9x87FvDEgBeUj+rqftWVlZqBS54jLMwWrht5bZ3ioLZtLMOpDHaR/nzryspdcxPJEuF47gr3EDrkKnrECNDJ0oDFY7NcVRLL+ImcoHP36RWVlCGQu1GX21DMVgUtpCCOeh66mpV4WABJzR1/UCsrKNkVd111BKTU14hhMyFUEMSNQOnX20pjhLF6BI9f+q8rK1dBp1yoWbuK58hU0If+5sw8vOqnxf9nVu+4uNdcMBC6yFA5KDsKysrWTTYx4ieX5uDLZwjhwsoqz8ICj2oy4oPKsrKOmNUFLKmaxXlZWVaQJle15WVNQgmV5Ne1ldUg8RP2p7R2cDYa9eb8q/iZuQUda+au03aK9j8Qb14+SJyReg8+p515WVVzXENiHFwSzhtR503NgkDYQIMx/basrKSZjcaA4n/2Q=='),
(4, 1, 'Fanta Cam', 15000, 'data:image/jpeg;base64,/9j/4AAQSkZJRgABAQAAAQABAAD/2wCEAAkGBxMSEhUQERIVEBEQFRcPFRYRERAQDxgSFRUXFhUXFxUYHSkgGholHRcVITMhJi0rLy4uFx8zODMtQygtLisBCgoKDg0OGxAQGy4mICUrLTAtLTArLi0tLi0tLy0tLS0tKy8tLS0tLy0vLS0wMS0tLS0tLS8tLS0tLS0tLS0tLf/AABEIAOEA4QMBEQACEQEDEQH/xAAbAAEAAQUBAAAAAAAAAAAAAAAABwIDBAUGAf/EAEcQAAIBAgMEBgYHAwoHAQAAAAABAgMRBBIhBQYxQSIyUXGBkRNhcqGxwQcjM0JSkvAUYtEWJDSCk6KjstLhQ0RTZHPCwxX/xAAbAQEAAgMBAQAAAAAAAAAAAAAAAQQCAwUGB//EADYRAAIBAwEECAUDBAMBAAAAAAABAgMEETEFEiFREyIyQWFxgZEzscHR8EKh4RQjUvEGFUNy/9oADAMBAAIRAxEAPwCcQAAAAAAAAAAAAAAAAAAAAAAAAAAAAAAAAAAAAAAAAAAAAAAAAAAAAAAAAYOP2nGk7SXFXveyMXLBKTehgy3lpLs/Ov4Eb6MtyXI8W89L1fnQ31zHRy5MuR3jo/iiv6yG/HmOjnyZU94KP44fnQ348x0c+T9jxbw0vxQ/tETvrmOjlyZcjtyk/vw/Ohvx5jo5cmUVdvU1zi+6ov4Eb65jo5cmWlvJT9X9ov4DfQ6OXIycHtiNSSglq+xpkqWTFxaNmZEAAAAAAAAAAAAAAAAAAAAAAAAAAAHJb61E3GPYviczaEtEdjZcXxZxc6VziyZ6KLwU0cOk9X/E18DJzeOBmYXB05PpylGPbGKk/ezOnGm31m8GmpWqRXVSb8yrH4GjHqVJy9qCj8ya0aS7Db80RQr1pduKXkzDp4ePa/JFdYLDnI21HB4dRT9JUzdmSKj53LkY0N3O88+RRlWuHLG6seZhYmlG+juaXjPAsQlLHEtwpoyiJSOl3RnlqpfiTj8/kdewl1sHF2nFuGTtzrHCAAAAAAAAAAAAAAAAAAAAAAAAAAAI425inOpJvtPP3c3KTPUWVJRgjTyqpalBs6Sjk8o1IvpNtGvgZNS0Rl4WdN9eeRdqi5e5GUFBvrPHpk0VFUS6qz64KMZVp36E8y7crXuZFTcz1Xn0MqUamOssepjwrR7TWjc4sz6EqLjrUal2KDa87m+KpbvGXHy+pVmqylwjw8y3WycnfwsYvHcZw3u9FqM0ZRZMosz9n4hxkmuKaaL1vNqRSuKalFpkkUZ5oqXak/NHoFxR5ZrDwVkkAAAAAAAAAAAAAAAAAAAAAAAAAAjDai6T7zzlz2mettH1EafEcCmzoRLMeHia2bC9B6GAZjzYMkeQYBepSMkYsyr6EmvvKcMZRMZmxwfEu0NSlX0JMwnUh7Mfgj0cdDyc+0y6SYgAAAAAAAAAAAAAAAAAAAAAAAAAjLaq6b72edue0z1lp2EafEcCizoxLMFp5GDNhdhwMCGWJogyRTFAkvUjJGLMrkSa+88w/AyiY1DY4PiXqGpSr6El4bqR9lfA9GtDyctWXCTEAAAAAAAAAAAAAAAAAAAAAAAAAEZ7W677zztz2mestOwjTYjgyhI6USxDgYM2GRFGJgWKiIM0UxBJcpkohmTyJNXeMPwM4kTNhguJeoalGvoSZh+pH2V8D0a0PJy1ZcJMQAAAAAAAAAAAAAAAAAAAAAAAAARptjry72eduu0z1ln2EaTEuyfL4FHdcnhLLOimorLMXBYuhN2eJoU9eM6mn91P32OjS2LeVFncaXj9tSjW2va0+ClvPw++hv6WHw1v6S6n/ipPL4SbszTUtaNGW5Vk0+W618zCN3cVVvUqax4yT+RRVo4P8eI/JTsYbtl/lL2RsU7/APxh7s8jhcG/+YqR9qk38EOisn/6Nen8B1r9f+UX5SLkNhqf9HrwrNa5X9XUt6k/nYyVjGfwZqXhozB7SlT+PTcfHVGJXoSg8s4uMlyas/8AdespzpypvdmsMu06sKi3oPKLWH4ERMpmxwXEvW+pSr9kkzD9WPsr4HpFoeRlqy4SQAAAAAAAAAAAAAAAAAAAAAAAAACMNvTanJRV22+PDjzOXTtYVqknUliK15+h26t9/SUFLHF+xze0MFdN1HnfZ9xd0eHncuxu4UVuWsFFc/1P1PIX22K1dvLz8vRGqo0o8HCNtNMkbc+VjTK5rJ5337nMVerrvM3L2ck81J+jn6uo+9fruLFPaO+ujuoqcfFcV+e/iWbXadahLKfqtf5PKGNzSlTmslSPLk12r9f7crauylQirig96m/def55n0PZG143a3Jdr5/z4GRTicE7rZdjG1nw5q2jMlw4mDafBm7wuPjWj6HEvT7lV9eL/efNet+PaulSuY1l0Vx6S71+f7ORWtZW8umtl5x7n5fnka/EYGdGThPjxTXVlHk0VqtCVGe7L/Zdo3MLiG/D25MyMFxLFvqabjskmUOrHuXwPSLQ8jLVlwkgAAAAAAAAAAAAAAAAAAAAAAAAAEZ7dw7l6WcdHS6fe81rL1u78ihauPTyU3iLWH6vh+51bykqtooYy3p6LicvtatKVPPB6W1Vk2mHS6Oo4TXFHhnTjGThNepo8DjE3aVo+v7r8eQqU33EToNLMTsKSKxVNPvHhm16SGlSn0otcbLiv13czpbOuIxk6NXjCfBr8/PYu2N1KjVWHjj7PmZOxsaq1NT4PhJdklx8OD8Tz+1LCVlcOm9NYvmv40Z9Usb1XVFT79GvH+TayXRTKkKU58IJvyWTbKpGD6zwY9OrGSvGSklpeLUlfwJrW1Wg0qsXHOmVgmlWp1cunJPHI2+y66rU/wBnqO0o3dKb5W+432frki7azVxDoJ6rsv6HPvKbtan9RT0faX1/PuWMFNZ8t1mTtZNN6ceBupWleC3pQaS5irc0Z9WMk2yT6PVXcvgdxaHmJalZJAAAAAAAAAAAAAAAAAAAAAAAAAAI+2ps/Ezc4wjBRlLNeUkm7Xtez4ashWtpKOKmePF4LMb2tCScccFjQjratadGdSMl1ZShOK6t4yadvG51a1hTuKUXF8UlhvvXica7pKs23wZhYKNOpUvGai3q08r843OJVt69J4cG/Lic5KrTjhxydJQpKP8AxlHuaivJuxqVCtPSm/Zmt70v0FrHbRpXy57vhezt5pWMns66S3nB4Nbtar47pqMFQlCt6KM3TjUnFJxckssnZNpPVK78j0ttKldW8atSKk4p6pPivPmdm0uajprdk1ng8Nok2nuTTcYxq1pza5wjCH+bMVf+xlHsRS/PQtOlnjJ5Of2NuhOrCdsS6UY1atFxjBuV6c3C+ZSVnp2E3dajKUXUpKTwsN4evHkZ0pVYJqE2l4PBt9n7hUIL6yrWru9+nNKPuV/eaP6yUeFOMY+SJacu02/Nl7H7NpUJUvRQUFmknrJt9HS7bb5FetVnVpT3nnT5m+1xGrH1+R31HqruXwNaNb1KySAAAAAAAAAAAAAAAAAAAAAAAAAAc9icRCGs5xgu2coxXvEYylosjJwP/wCDRx2LxSlUl6ONpqVCUNXPV6uLTWkjrOvOhRhw4+Jo3VKTNRvbuXTwSpV6M6k4ym6U/SuErNxbg1lirLoyTvfivHZZ3cq1RqWNCJw3Y8DD2Ls6eIqxo08qlJNrO3GOiu9UmX61WNKG/LQ1KLk8I6Cv9HVeSf1tJS5LpuN/W7aeTKP/AGlPPZZs6B8znf2OpTU6NSOSvhXms+OTjo+aWjT7DGG7SrdJDsVOD8Jd3vp5lKUXSq57nr593uTdCeZKS4SSku5q5xmsPB1jjaO8VDBVMXTruSf7ROvFRg5PLUhCfdxvx7ToStaleEJQ5Y9mzSpqLaZ1VGqpxU48JJSXbZnOaw8G452PpcXOWZQp0aFWcFa7qSlDT9cPEtvcoxWOLaMFlne0equ5fAqmZWAAAAAAAAAAAAAAAAAAAAAAAAAACO9+cNOapZISnbOnkhKbXUtwXeXrCcYt5eDXURhfR7SaliW0006cGmmmmvSXTXJ6mzaMk9zHj9DGktTod49n+nwtWkleTjmh7cOlDzaS8Snb1OjqxkbJLKwRzuTWy4yg+Tk4/nhKK+KO/exzQkVafaRL55kuGm3k3ehi4coVoLoVLf3ZdsX7uK5p2rW6lQlzXevzvNdSmpo2GyISjQpRqLLOFOMJLj0oxUXr4Gqs06knHTJlHRZIw+killxdV/8AUpwn/hqH/qdvZ7zQXg2V6vaJE3dqZsLQl+KlCXnFM4VVYnJeLLK0MXd/RV76fzqsv7ysbLji4/8AyiInZ01ou5GkyKgAAAAAAAAAAAAAAAAAAAAAAAAAAc5i8ZTpLNUmoJuycnZXJjCU3iKyG0tTT7suMqmLqQalCeIupLg/q4yfvkyxc5UYKWqX1ZhHV4PNytuvFRxGaSlPD4mrR0yr6rM5UtF2ReW/F5CLmiqbjjvSf3EJZycVjML+y7Qy8Iwrwqx5L0cpqaS7k7eDO3Sn01r6NepXkt2ZLbPNlss4XFQqZsklL0c5UpcU4zg7Si0/0001o0ZShKOM9/EhPJfMSSM/pTo2rRn+Khl8Yyn/AKkdrZkv7cl4lasusjrdy5XwGG9VGC8opHLufjS82b4dlHmyIxtWzWssXVkr8pZll8bk1W+rj/FCJ2cOC7jSZFQAAAAAAAAAAAAAAAAAAAAAAAAAAOA34X1EX2Vbe6f8C5YP+56GFbQt7g07Yab/ABVpPyhCPyZO0H/dXkRS0Nvs7aeGnOVKhVozqRu5RpThKSytJ3y9jaXiVp0qiW9JPBkmtDl/pK2frSxC5p0JP1q84f8A08kdPZVXtU35/f6GmvHvO6w9XPCM/wAcVP8AMkzkyWJNG9aEc47a08FtOvKPShOUXUhfSUZQjK6/eWZ2ff2s7lK3jcWkU9VnD9StKbhNki4PFQqwjVpyzQmrp/Jrk1wscScJQk4y1RZTTWUcL9LFPo0Zfu1ov/Da+Z09lvtLy+pprLQ3P0f1M2z6D7FKP5Zyj8ileLFeRth2UWXioxVenmXpJYqUlH71k4Su1yWhluN7su7dIySDDgu4qmZ6AAAAAAAAAAAAAAAAAAAAAAAAAADgd8mnhnrqqz568aiLdj8T0Maw3Qn6PBKo+EXVqPujKX+kXvGvjyMafZIv3Ix7oYinWk9HPLUf7s1lk33XzeB27mjv0XFenoV4Sw0yZN5cB6bC1YW1UfSR9qHSSv67W8TgWtTo60ZFmazFobvYmLwlCcpJL0UY3bSV4rK+PrQuYNVpJLvEH1UR9v3UhLGOVOcZqVODbhKMlmV42bXOyXmdrZykqGJLHFletje4GVu3t14Vq95UZ9eK4p/ijfn8V4Wm7tVXXDVaEU6m6yxvzvHDFU1GFOUVTcpZpuN9Y2tlV7eZqtLSVBtyeqMp1N40u7+1cQqKw8Kso01NqMYtQ1k7u8ksz1b5k3EaNOMq01osvv08DOnGdSSpx7zptkbNlGd5vW/Ba6955qpt2NZ7tKOFzf2OxHZaprenLPl/P2JbhwXcbznM9AAAAAAAAAAAAAAAAAAAAAAAAAABFW9uHfpKk0rqMnm9SzWT7uC8u0sbMulKboy1Wnkb7y3cYRqrRr9zjauFrVIS9HUkoa5oxdW1rqLclHSzulr2o6FxfUaFTdlFt4zojj1K6g8cfQowWw5q8JO0otqUcksya4pp2atY1PbtGPDcf7FZ3kE8YeUbSGyJyazVJyvwvTlL1aXl6vcav+9prs0n7r7Ef1udIsufydupVLTcI9aeWMY8UrZmrXu1pqzW9vVcZjTXuzD+qm05KHBd5mx3ahCEZylHNNRnGnOq1VcJO0XpZLt7k+w1VNsXbWVurwx9zKVWqoKWYpvRd+Gbunu7ltGSpwSWa9nPTMo6aXvdrz4lWd1dzfWqP04fIydG4bxKWPzBpd9sB6KhpLOulyypShNwkl6r8zfs1yjdRy85T/P2IhRdKtHMs5z7o5HYNSyzfhqX8mmd+6p9LQnDmmv2OrQnuVoy5NElYaXS011+OvmfMrRdZZPV1V1eJI8eCPWHmj0AAAAAAAAAAAAAAAAAAAAAAAAAAEfbQrKGInn1hKU6c/YldPy4+BxJVeiuN78/Eejp0XVtVFa4TXmvvoc3JfsU6scmfNGcIpxU6d5ZHCTXODyp29Zcle1Kk8Vsb0VjPPvTPL7VoRo1I1aEW1OL4Yzh5XBmxjvNSkpSUGpSc7XlBRcZ1I1Gp8+KkrdkmbMyekX7HKleJ56jzx/GXam9Ubtxb1jbNOtHPf0mdK6SvFK8bdjM1Gu+zTl7P7B3dT9MH+PPLTuKMRvLh5UakZTanUdSSUcslHNPOo51q4X1fO7NysrmcGujfy+Zk5udKUXF5efTPjyNX/Kq0FBNSypQU/RL0qgndRUpck0jbDZN41hpLzfH9smmMbndUeHDhnvwVYreWclfpO9+cYLpNSlpFW1aT7yzHYlWXxKnsv8ARsdGrPtT9jS7QxNbEQnCMc2bR2TevHWT5myVvZbP/u1Z8Vpl/JIuWWzJ1amaabfPu9WZO7e7uWP1rUtb2XV5cXzPPbQ/5NOacLdbq59/8Hp6WyadLrVXvPl3fz+x1uCSzKySS0sjhWrbmsluu3u8SR4nrjzZ6AAAAAAAAAAAAAAAAAAAAAAAAAACNt4F9bU9qXxZ528+Iz1mz/hR8jDpzhXiqFWShUh0aVR9W3KnP1dj/TwhKFeKp1HiS7L+j/P5zqQqW03WpLMX2o/VfX8xqdp7EtLLVhkqL7y0bXanwkv1oXLTat5s6XRvjH/F6ej/ADyNVeytNoR6SHB81r6o09XZc4O6WddsV0vGPHyuevstu2t11c7suT+j0Z5q72TcW/HG8ua+qMOZ2TllEeJkQZ+ZJRb1V1ddq7DRWjOVOSg8PDw+T7jZRcY1IuaysrK8DsaFGOXoqytw4eD8eR8duJ1HUl0jblnjniz2+9hJR07saeh7h1p5mkSeTJwukveX7TjNeZordkkdHrzzZ6AAAAAAAAAAAAAAAAAAAAAAAAAACON4PtantS+LPPXnbZ6vZ/wonOVjms60Tc4DazjH0VaCr0uSl14+y3+vWi7SvMR3Kq3o/ujm3FgpT6SjLcl4aPzRkOhgp6qpUo35Si5Je5/EydOynpJx9M/T6mlVNoQ4OKl45x9vkY+K2Hgp6zxN32qlNT81x8bnTs792nCFxmPJrK+69Cjc287jtW+HzUkjGpbB2dDV1MRiPVpCP+WL950Kn/KI46v7J/UpQ2HXb4rHm/sbClj6VFfzXDU6TWinL6yrb2nr72ci529Wq6fv9lwOhQ2JTj23ny+5r542eaUp/WZ3d6JO/ctDj1sV3vN9b5nVVvGMVGPBLQvYLEwmrqa5rVpMpSpyi+KNNSnKPcXaGITmoRebXVrhx4I6djTcZKUuHI0VIPdeSTkeqPMnoAAAAAAAAAAAAAAAAAAAAAAAAAAI53i+1qe1L4s89e9tnqtn/Dic5P5nNZ10XoogxZcSIMQwAiCC4SYlMgSizSprW6XHsMoSku8maTM3ZqSmklbUvW7bmslO5SUHglZHpTx4AAAAAAAAAAAAAAAAAAAAAAAAAABHG8n2tX2pfFnnr34jPVbP+HE5zmc1nWRkRBDK0QYHrIARALhJiUsElMTJBmRs/wC0XeXLbtoq3PYZKx6c8cAAAAAAAAAAAAAAAAAAAAAAAAAAARvvM/rqntS+J56++Iz1WzvhROdXE5p1jIiQQytEGLDDIPUQCskxPGSSUolBl/Z/2i7/AJly27aKtz8NkrnpzxwAAAAAAAAAAAAAAAAAAAAAAAAAABG28/21T2pfE87ffEZ6vZ3wonOw4nOOsZMSDFlcQYM9ZAQQBcJMSlgkpRKDL2zvtV3/ADLlt20Vbn4bJYPTnjgAAAAAAAAAAAAAAAAAAAAAAAAAACNN6PtqntS+J56++Iz1ezfhROfpPU5p1jJQMGXIkGLPWCEEQCskxKWSSilEoMydn0Wpxm9E5JLVXevZxtoXreElJSehTuakXFxWqRKp6Q8iAAAAAAAAAAAAAAAAAAAAAAAAAAARnvP9vUX70jz178Rnq9m/BiaCHWOazrdxkxBgzNwEYOSdR6KSurpdHW79drLTjr6rG6hGm5dd8CrcyqKOKa/PzvL9TBRbVqkNdZWayRXbe/C7SN07aLl1ZLx48F+aFeF1OMetB+HN/mpVLBU7L62F7cpRk2+L0v4LuXaTK2pY7a9yFc1t7sPXlj85lCw0MmZ1EpWTypXd2uHH1rs4M1KjDc3nNZ5Gx1qm/uqDxzLlWFBp2k3lTslHLfkrtq7bdn4vs02uNs08N8PA1xlcprKXF/nkUQxlOEujTunGKd7dmvPjwv643M4V6NN9WPciJW9apHrS72UUcfKpVjGySzcuLei1fM2QrurNLHeRO2jRpyecvBKJ3zywAAAAAAAAAAAAAAAAAAAAAAAAAABod4N3IYjpp5KlrXXB96KlxZwrcdGXrS/qW/BcVyOIxm7leD0SqW7GlLxTt7rnHq7OrR0WfI79Ha9vPhJ7r8fujCnSnDrwlD2otLzZSnTnDtJr0L8KtOp2JJ+ohVRqyZOJc9KTlmO73hTIGD11UTkjdEM0urFy9lOXwMoxlLsrPkRKUIdppebMmhsavL7mRds2o+7j7i5SsK8v048ynV2lbQ/Vny/MHW7vbqRoyVao89RapcIp9tubOvbWEaT3pPL/AGOLd7TnWW5FYX7nTl85YAAAAAAAAAAAAAAAAAAAAAAAAAAAALNfDRn1l48H5gGDPZP4Zv8ArJP3oAxamyJc4wn5fMwdOD1SM1VmtG/csT2J/wBvB+FI1u1ovWC9kbVdV1+t+7KVsTsw9NeFIK1oL9C9kHd13+t+7MqhseS+5Tj4L5IzVKC0ivY1utUesn7mdDZ3bLyXzNmDWZNHCxjwWva9WAXgAAAAAAAAAAAAAAAAAAAAAAAAAAAAAAAAAAAAAAAAAAAAAAAAAAAAAAAAAAAf/9k='),
(5, 2, 'Mì gói trứng', 25000, 'data:image/jpeg;base64,/9j/4AAQSkZJRgABAQAAAQABAAD/2wCEAAkGBxMTEhUTExMVFhUXFxgYFxgXGBcXFRcXGhcWFhcXFxcYHSggGRolHRcXITEhJSkrLi4uFx8zODMtNygtLisBCgoKDg0OGhAQGyslHyYvLS0tLy8tLSstLy0tLS0tLSsrLS8tLS0tLy0yLS0uLS0tLS0tLS8tLS0tLS0tLS0tLf/AABEIAMUBAAMBIgACEQEDEQH/xAAcAAABBAMBAAAAAAAAAAAAAAAAAwQFBgECBwj/xABAEAABAwIEBAMEBwcDBAMAAAABAAIRAwQFEiExBkFRYRMicQcygZEUI0JSYqGxQ3KCwdHh8BUzkghTovFzwuL/xAAaAQABBQEAAAAAAAAAAAAAAAAAAQIDBAUG/8QAMBEAAgIBAwEFBwQDAQAAAAAAAAECAxEEEiExBRMiQVEyYXGRobHwFEKB0cHh8UP/2gAMAwEAAhEDEQA/AOGoQhAAhCEACEIQAITvDMNrXFQU6FN9R52axpcfXTYd11Th72IVCA+/rtotIk06cOqDoC4+UfCUAcgViwTgbELsA0LWo5p2cRkZtM5nwIjmu/YVgWF2MfR7Vjnj9pU87501l223KE8uuIKjtjA7JrkhUmcuw/2FXJANxdUKOpkNDqhAjQ/ZB17qy2nsgwqmD4tevVMDZzWAEbwANj3PJTVW9cdyUia3dN3jtoracIYLRJLLJjiRH1jn1R8BUcQD3Ckbejh9MZadjbNEzHhM366jsofxVjxUm8XYWa1xWlSBFKjSpgmSGNa0E9SAN0uMf/C35Kpiqt21UbxNpbW46PuhI1XWtRxdUtqLnHdzqbHOPLUkSq62slmV0u4TaO7zhPCa4cH2NEZjJLG+G6ZnR1OCNehUFf8AsdwmrPhGtQMj3X5gO0VJOvqpqnXTmnXTsiYOXYl7Bq4bNvd0qpjZ7XUjM9QXDbVUTGeAsRtda1pVA+8wCo3YnU0yQNAvStK5I5p9RvylyIeOCFhescd4Qw6+k17Zuc/tGeSpz1zN335yuacS+wyoJfY1w8SSKdXyuAjYPGjjPUDklA4yhP8AGcFuLWoaVxRfSf0cInu07OHcSmCABCEIAEIQgAQhCABCEIAEIUxwtw1cX9cULZmZ0SSdGMb957uQQBE06ZcQ1oJJIAAEkk6AADcrrvBnsYe8CtiLjRpxIotI8U6/bMENEToJOvJX/g/gq0whmYRWuiPNVcB5fLBbTH2WzPczqU4xHEnPOpSN4FSF7N9rZU/CsqLKTeZA8zo0lzjq49ySo67xBzzJJTSpUTapWUMp46kkYZF3VUmaqaPrpB1yqNuuhHhclqGmkyQNRJmsOvyTBrnOMAEntqlHWlXKXZYgxB0OvQc1Rnr5vphFiOliuo78cf4UfSx0Cxb4O/erLR2GqeW2Agtc4ku5NA5dzpsq71Vj/cP7qtDYXo7fIJWldyQAJJ9Firg3m8jmnqJ1n4qQpYM4NEFufeZ2HpCj7619GxXCsa1bkscWuABG40WW3reyi720h5JqjUz5t0taYc94Ia5p6GY16ahOWpsXKkK6IY5JZl0z/DonFOsOqq9Nr5IPly7zsE6a1wnqN1Ku0LodWmRy0cWWinVTqm9VFt65pgyE/t8VPNXau1o/vWCtPRSXQtNN6dUqpUDa4i081K0KwPNalV9dizFlSdco9UOMSsKF1TNK4pMqsPJ4mO4O4PcLkfGnsQ0NXDXT1oVHCYg/7dQ78hDuvvLr7HJxTepiM8Z31lUovdTqscx7TDmuBDh8Cm69e8XcIWuJUsldnmA8lVoHis1B8rjy02Oi84cd+z+6w18vHiUDGWs0HISZ8rh9l2h0SgVFCEIAEIQgAQhP8DwmrdV6dvRbmqVHBrRyHUk8mgak9kASPBPCtbEbltvSgCM1R592mwbuI5nWAOZ+JXpLBsHtsMo+Bat1Or3nV7z1cf0GwWnDWA0cKtG29INNUgGtUA1qPjU66wOQ5D1KSuaspGxRC7rkmSVHVnpa4eoi6uFS1OpjUveWaaXNm1xXhMatwkqtRYFu46wY6wY+axrLpWcyfBp10RiAzO2Ep1Qszkc5zdQQADtqnuGcPuqjMCMo3JMCd1Lvw8NgOqMyt5CST6lVbZ4WfL5Em5J4QtgdkG0Hvqta1pEBw96TyA5rbC7EsJc5rXMABYQN5MCekJcXTAA5xBDB5Gx5WnrH2j6pCydXfNUZWMM9Gz1OiXdB7cc49Pu/8fcgaly3+fAeUa7XnM6TLtTtlaOg5D1SlwGPADXEA6AmRJ6zpIPVRYr1S8QW5ObhDjHbeU6xkl4YGkgjaSZJ01J9AljLdW/P/IjjiSELm28oaSDkBhrnEDfXN8eZTd19XAzPawACBsRAHKEjcWV3VqwBvGZ3Ydk5dhRY0tq1Dt7mgdG250hRSrm8vGF+fmCROK6tMYXOE+N53htIkCDtJ/d6d0+wi2exvgkMc0kEuzDykc0mKNJjXwXSQACTmyydSD6aIoUCGl7KZfH3vMT6DQJqlLhLn3Ct5WDTGsJDqg84yOEyDt3A+1pzTOvTIPhF420BBDnNGoM+ieWVw4vAZLSXRAIhv4TOwGunqsYvb1n1gGMd9VEGIB56O2PonqO5ZxwKpNNRbGdW38RzQHB4AGoPLuUzxENY7yTHxj4J8y+pUy5nmZJlzGgZp5id4Wl1d08hFOlMCZcST6a801JokTeegzoXql7LFCOaY0bZjqQe5xJJjKBt8VrbsayXwSBs2Nz/AERu2PMXhiThGS6FyscTBUvSqA7Kg39yGBtRhOUmCDAIMdApPCcZ2krY0nab4jb8zNu0nGYl0YVi+s6dxSfRrMa+m8Q5rtiP85ptZ3IcE9YVtxkmsooNYPN3tW9mrsPca9uC60cfV1Fx2a882nk74HWJ5uvbdegyqxzHtDmuBa5rgC1zToQQdwvNHta9nhw6oK1CXWtQmNyaLv8AtudzB+yd9CDtJcIc7QhCABehvYnwiLS1N9WbFesIphwgspcvi/Q+gauQezfh36fiFGg4E05L6v8A8bNSPiYb/EvTuL1RoxujWiABsgCMuqpcSSmNw+E6qBQWJXXJVNTeqYbmT01ucsDW9up2TQWzna7DusUjmcn1lcQ5st1Gknb1jquZttlKWW+TYhDauBvhdAeK2Wl7Z8wAJkfBXK7w5jiRrOSAJhpOp26pu0sDw4BxBgktlrdTEOA9eajcZu3tqzmOm0HZFliS24zyNw5y44M2zXU2FuR8uOvp27p9ZYbr5ySD7oHvGeZH2Y7phYYxUqPya66aGD8xsrNYYeWiBo06uJJLj01O4RRR3suU3j6CXTcFzwRv+nRIaG6Hd/mE9uvyT0YVVfkaABSBMzp5SNSG+s6KbtKDANAnBqAaLYq7Mrx4vkihPVSzwQowplLSnAmJgbqSp2VM6loW2YFwTmo6Artelrj5LBBK2T8xOhRa0eUAJjiYDgcwaexA17LajXe93lEDqnLrfqVJtU47UuBuXF5IK/whlOlnYyHGMwAzaHeB230TTh69aM0zlgQS2CN5bHNT2KZyw5TrBj1VDu7l9FoDiQM3nzRAO23MdVnXxVFi7uPl6cDZ2PO6TJm/pMAqV6LHNeBn6NeJAcYB3AKj8OxMVM7nzmAEMEZXfeBDu3NQFbiN4qktBAMiAcwg8tZ0UXdY45tRwYACSA1p27yd9FVdUp+Sz193xIXrHuTy/QlrjGG1HwGhj9tdSemvWICkrm8YKQApT1080nnKgcNoCofGcGNd7oaDI03Ic7afimtLHXPloOxIJMaidJjcqGel3PMP5J6+0pVwxZy/L/ZN3dww020spAbOUjR2u/7yd4NR8FpflecwgZgJPdVupV1BNQAuhwB056n10U3Z3rH1HF5c2nTaMpBgkjYDprqVHOElwmamnuc61u6vkTxSl4sFr3TrodW/AhR1lclpgqftKLa1RlYVTkEh2WAZnSRtvuUyxovecppsztMZgIJHInt3TIrw4kWoyWcExhGKlsaq62N0HiQuVMDqcSWkHm0yFZcCxQtI10VvRax0S2SeYv6FTVaZSW6JfmFN8Zwync0alCq3NTqNLXDbQ9DyI3B7La1rBwkJ01dImmsoycYPHvG/DFTD7t9u+S0a038n0z7rpga8j3BUAvUHtm4R+m2RfTaDXoS9mnmc39pTnfUagdQvL6UDvf8A064NkoXN44f7jhSZ+6zzOO/NzgNR9ldBuNSUn7O8N+j4VZ0oI+qD3Amdak1Xaju4pZ25SMVETilXK1VG8rSVO4/W1KrVSSVzuut7y7HkjX0leI5LRgNgBRNRwBzSNddYmAPT9EpSYRS1AkaAkCYgydfkm2Hvq5BTy/HYDp8VJ3Fo+qRTbAygFx2bryHTQFZ005rw/D+SXo+SPtKri4tpnU+UjdpB6jlG88oU8LDMcwd5iIzR31hYwzDWA5mSGkRBaAehJO5/upxjZgchotDR6Jyj4+hXvvw/CJWOFMY3XzE7kgT6J7kgRy7LYaLdjJ1W5VTGCxFYM6U3J5bNKdDqt3gHRKBIVanIKZ4SGdTZlBo5LapEapC4uA0SSoa7vnnYwFT1Wur0655foiaqiUyVdULZ83oNE3N8ecesqvPqmdXFam4CwZduvPEcfyXo6NE7eXct0n1GqoWN4C+4JAflE5j0Pw5KfdcEbFYbd66gKKfa3eTW7jAS0KcWsFNfgv1XhU3w4EawcpP3S481D1cHf4gNTUDQuGsaxrPyXQrbCRVf/uHK10hkAQofijCatCocrXOpu83l1EncO0WjS7HXvXK9TG1FUovxLBD+JSbLPFAAEAAhxB5gTso5lzSbWDWNgCJ1BBHMkpD6E6kcxpSHakuaSJk+U9Pgn2DYfRAc57TJJAadA0ct9SpfBGL5Kmyb68E1Xt/Ia1Sm3JE0/K0nKdfUBN7G2YGtBY92Y6mdWjdsAfzT9t4XMDAzaAJ3AGmnyStvWZTnP5TrA3n0hZ02/JGnprVCWWxtaXFVlTLTty4klpgQ17ToSRtss3N9WHuBhYPK4jzZYnQkjYa/JTGHtGY1aZcXxMOOgHMNA5lN7OmWZs7Ip1JkHR3q0dFG2lj8RsRmnzgZVW0gJ8QHWNACCSJ1nl6LGXIQW7cx0/sonEbV1F7qbiIJlk9P8KWpPc/RpGsTrzA1TbKvfwTpcdToHDWJT5SdD/kq1NK5bhVcscAdwukYZcZ2A/Ara7K1LnF1yfK+xkayrbLch3UbIXkv2n8PfQsQq02tik4+JS6ZXawPQyPgF62C4v8A9ROC5qNG6A1puLHfuP2nTk4f+RWwUzrVtbilQZTBJFOkGAnchrQ0Exz0TG3t5k8gP5FSlf3P4f6JKg36t8d/0SMVHMsZqeYpe1sGzSG0wSfl+Sa3zhn82qmbC3pkNe6qBIIA5Dlqe/JcfJuUm/fn6m4vDFGbvFKezWguncjpyHp/VPrOtVc1uaG6zHMztPTmtbLCw3VzTm1yEEHYEg6iNSpexsi5weT5d+89T1Kk0+mnOXOefsRW2QiuBxbUHkDSFJ0qMBYaRsEEkrpaq1BYRlzk5MVDAhwlZGiypyMTZThaV6cpVa1NiUkllYFT5Ik0jUJd9kaBRd6DKsVvWaWmNN9FA37wTouf7Qqgq92eWaOnk3LGCMqHqm5SlZ2uyRc5cvZjODUijJKRe9a1KqbvqpIwJoxJB1UDJVa6DMOA0gjSfQhWy1uhUYCemq5+10lWvhtjnNceQcV0vY1su8cPJ/mTM7QpSimNuIbY5Wmmwu1IcGjzdvgoWnw5UeJcMjploHIdHFdAzBvKVlozakQtmzSQnNybMVxzyzltelUt3kPaRmBDTuAUvhdm51PO9swSOveV0KpQY4+ZoI7pU2lMNMNAVdaFZ68C1w2SyVrDLHJLwwToJLozTyH90jidu5zpc7w9IDT5n6eicXPiODvUCeQIOv6pLELuk7MDl8SRGbl6eqzL1Frb8vqaleU8kTXt2sY/M/M87OGjgI92eSgHPA+tAc0tgOa4D5gjQmVa8XpURR+tBzdAYj5HdU4UDUpEnNH2ZJUW3Dw3+PyLdTysjq1vsz5HNdG4SupGVcms2lroXQOE68PCloap1MGuj4I9XDdWy/qoe1XDxWw65ZE/Vlw1jzM87dfVoVvCi+JaAfQex2zmuafQgg/quoMQSwC68Wwt6gdmz0KZLjMkljZJnnMpWlVI8vIz/NVH2H4r4+FU2Ey6g51J09AczPgGuaPgrfWZB9NUjA5ji4IefVWPDMOa62BaSXOMO7EglunTSFEcTU4qu9T+srOC4uabHNiQ4iOxBkFcr4IylGfTlG5iUq04lh4We+oPDeCMkODumvuq2tbCo1njIYfKMsmIJMdTA5DurfaYg2pqwyDqr3Zt9bjtz4vzoUtVCW7OOB1MJRhBWoPVbtA5LaiUmbFErKxCeNMArSoNFs49FqQeqQCBxSjl1BjkVC1rhWu+tw9pBVSxXDHs1Go7cly3bGjs3b4LjzNjR2wksSfJljmu0JgpC5ptGzgVE1Krh1TapXJ6rIjDdHDS+Jpxq5zkc3FZM31ZWup5FOrOyc46NJVmqjySyySU4wXIpaN+Z27nkF0PAKJZSDInmT3KjOGsBLfrKg15Dp/dWFz4K6Ls3RumLnLqzA12pVstqN3s6JGo0jnKUlYqjTVajKAjRYlakZTsk6bAJgqJxnFGNaQCZmI2M/0UNlka45lwPjFyeEIXNsamhMAn+I68vRR+Kw9x83htbpLQczzHqAANPmm1tiBa8TB0cQSdAREBIYjUe6m7J5gJc4A6wB+eqwL7Iz9lcs0q4NPkh8Ttg1hY7xaznaAtB1naOgTvArI5IquLCBtoSemoOib4WCB9ZUeZ2p68+R5x2SON3eR0x5joI2A5yf5Ku8Pw4zyWcN8DfFW0hU+rmRv3Vi4Yd5mqnv8AM4nrqrhwmyXNTtvigvehbuK2dKpbBMMddFI+hUhTGiqntHvRTsrhx1ijU023aR/NdYc+ce/6fMfFG9fbOJy3DfL08RgLh6S3N8h2XoW5pyF4uw69fRqsrUzD6bg9p7tMj4L2BwpjrL60pXDNntBI+67ZzT3BBCUCscW2n2v8lVGhUIJC6ljllnaR8vVczvaJZU+K53tCnZa35S+5saKzdDb6FnwJniN8SrTpFoMQfe236BOMKxCbnwqIIGrnCDGUAbdBso20xQ1KD6IAaSNxz6JxaRSktqakRtE/vTr8AqkJqDjjouX659PgOnDO7P8ABfKRDgCNilWsAUTg96HsAHIQpFhK6auyM4qSMiUXFtC8rSo+OSTJPJDSTqpcjRZq1e+Fo1/Ja1GTzhGfQAGpWxohbUmABAp80ARtbCaTzq0fJNncMUj1+ZUyVkFQS0tMnmUV8iVX2LpJkXQwKkwQG+pOv6p9bWLGbDVbtdqt5UkIQivCsDJTlLqzOZaPhYASdVw2lObG4FnNAST2ZiorFsebTOUDMU2qY5UDJIDSRIbzjqTyVazVVRym+hLGmb5wS72EHeABzVRxO/p1rnw3U9wA0/bd5oMEdFKWuJF9I1XAmD+m5/zomlG8bnLpaS0kggaAfpPdZ2s1UJxST46lqmpxbb6kXjWAtY0xFSPvOIcPktrWyIqOq03BrWU2jLPlkzmA5HSPmoS4vXVHknQZvNl+1B5qw316KdNopCDAidwdySs5SSeXwvj9i44ySSIw4m1r4y53O2iQAOZJCQxINqMcYAY1zZA1I2Jk891vTwuo97Tp5yZJPujcnKOSb4k5lJ+Rj8zHyHAgDlE6b/JMw+PxkiSzwNLzzOhsBo0AHPurlwbbeYHoqJhlIl8cgus8L2eVkq3o6d18Y+UeSDWT214J1cd9vmLhtr4M61XtEae6w5yeu4br3XWr+4DGEryz7V8e+k3rmtMsoywdM0y8j4wP4V0pjFLXTvYjxr9EuDbVXRRrkQTsyrsD6O2+AXMVlKB7arMDhoqTxVhP2wPX1UH7GvaF9KYLS4cfHpjyuP7Rg5/vDQHrv1jpt5bB4PdVtVp1dW4+fkS02uuWUcmpvy9iOaeUMQZml5f6NiD8TsnPEWDmm6R7pTC1taIPnM9CDsVy0493LE1ybqnGyOUWrBrlpDn0w7M0e4528cwpy0xLM0P+yefT16LnVK9fSdmOwMAjmE9tMQdngGGOkmJiVao10q0l/wAKtul3ZZ0SnVB2M90pTrcplc3GM1Q/yvaIPM//AFG4VpssVpPaH5hm2dlOq0qe0Iz68FOzSyiWOBK2eAmNBzTsY+MyljVA15eq0I2JlZxNy+N1hl40mNVnOTy0W+bROz6CYNjCTcQdiJWr67dt/ikmXLBsAPkkdiFUWLUmJZzgFFOxcaxl06n5pk7GmZc1V7WtPu66u7gdFC9VXHjI9UyfkTDq4TCqJJyuGY7aqMu8YpaCmWkkHnOgEzofgqvR4hc905yOjGAaD8R0VS3Xw6R5J69LJ8k9Z385nVgMo8oIAzN5SZ1TO5tqhpZ8zapJhrdmxzMg6mOWic2d2LjTOQQ08gZjXnz/AFUfiDw2i5mYBzXZmlshpHIxy5iFkznuXLyvLPqXIxw/QSdf14fAYGsAPlmNtTHLuoerXr1X+GS4EjSNvmlad01wIc10iM2Uuyn1gflKVqXj/DiiABt5dx8DuoVlPxLknSx0Qyt7Z9B4GeCeQgqVpXtIeYtL3CYymfUbqsto/WFzqjnGCC0iDqI3nRLWlg9tN76bgSPeEQQOylklnc39BzjnqSN3iTo8vlB0giD6T0UHWnP5t1s8Oc0S7Ud0/wAIw11R45pySgh3EUTnCOGF7gYXUKFMNaB0UbgGFiiwaalJcS4yyhTcS4NABLidgBuStzQ6fuobpe0/zBiam7vJ8dCo+1fi4Wtu7KfOZbTHVx5+g3XmdziTJ1J3Kn+NuI3Xtwan2Gy2mPwz7x7nf5dFX1eRWBCEJQF7K7fSe2pTcWPaZa4GCCvSPsv9o7L5gpViGXDR5m8nj77P5jkvM6Ws7p9J7alNxa9plrhoQUAezb2ybUaREgrnPEGAOpOJb7qaezX2qtuIoXRaytMNOzKnpPuu7c+XQdTfTZVbGhlU9VpI3LK4kWKNRKp+45BU8QMEmWpd4JYH5oaFYuIeFnNl1LbmFVRULAWOC5y2idb2yWGbNdsbFmJrRe1rg5xOuwidO61xKu0DNRGR0zLZH5JNhGaSVh1s4uOXZOSSllv+iRxySGGcT1m6PdmHX7X9CrpguOOOXxTAeDkzASYXOmWLg4GB8SIUua5IEFjsuwnb0PJP/UuuScH9eCCyiMljBbcQ4kqsqZBTIJIyndpB56KKxfF6tUvY2po10SNAYiT6KAvcaqu0dlHfONvRKWT3BupZDhpuJ/JLdqLGsN8MjjQo845J1lyysMwMO2MEjZMP9QLXCn5wS6NwR/6TSjYVnHMHUjHuhpIgfGFm4pPyxUaA/k4bJjlhZFUFnAniFrdeIW08xZuYj9Sm1K5c0EvpucRp5y3T5/yU7jF2A2g8agxmAJEgtk+sEKLuMO8eoPo8Qd2uJAHf+ykcY5whYy48RFfTpdLWAHmenYQndXDdDWbqDEDcNJGvwlSN5hdrSlhqPqVB72QANHYjl8SoXFMTFNgp0jyg/OUjXi2oennlE7hb/BojbOTMj3teRPy07lR/EtyauUF0ZddBpy0MeirlhcHOC8k/yVjoWbz56ZnSdf0TZxcJ5b/ocopckLSu6hJblLmEieRnqFmo1zSQ0mep3hSN1iuYhrmjudNPyW1S4YYMSYhK5tP2SRJmmHUi7zP1gb807o3VKk1xBmWkEcyUxq3kNLW7ncpfBMAfWcNDCjde/wBr+Ehs2kuRphNg6q4ABdW4awAUmhzh5krgHD7KDQSBP6LfGseZSaYcNASSTAA6k8ltaXR4feW9fJen+zK1Oq3+GPQc4vijaTTqJXnD2m8bm6eaFF58IHzuB0qHkB+Efn8kp7RePnXBdQoOPh7PeP2n4W/g78/TfnS0+pSBCEJRAQhCABCEIAyDC6NwP7Va9rFO4zVqQgA/tGjQbn3h6691zhCAPX3D3Fdvd0w+lUa8c43aejhuCtsX4cpVxLYDl5W4Z4hq2VYVaR7PYfde3of5HkvQHCPG9K7Zmov8w96k4gVG94nVvcfrooraoWR2zWR8Jyg8xZH4twvVpHQSOqjGhzSupUMZY7R4SF3gVtWGkNPZZN3Zsv8AzeV6P+zRq1+OJo58ZIkhqa1mu+zA9IVnxLgmqNabswVbu8KuKXvMcFnPTzr9pYL0L659GaW2H+K4ZmxGpO2nOVI4lw3Uqlry9rGR5QTBjsFHOr1QzQ+umq1u8bc4azmiJnQeibHfnKCUW3wStJrKQyhzCI1OpcT68lHXd5PlzmI3idVXK1dxO5WaFVwUq0/m2CSyWd1xTqBrS8gNGh5lZo3Lm5hTnQbjc/2UGKyk8MvcgJHSFFKrbyO2ryGN5ibiII1O5TRzW6EjlyW9WmXEk7kpenbj7X5KwtsVwOwNaAaHTlkdCpCpjDwfKABECOQS9HDteqfWnC9aqdGGOpEBM3RsljGRspRistkCx8mSNSn1rZOqGGs1V4wrgJrYNVw9ArFSp21sNIn5lXIaK2fXwr3/ANFS3XQXEeSqYFwSTDqunbmrlTZRt2wIH6qv49xnTosLnPbTb1cYn0G5K5BxT7VXPzNtgdZHiv8A1az+vyWlRpa6uY8v1Zm23Ts9pnUuLuOqVBhL3hg1gfbd2a1cG4u43r3hcwSyjOjBu4ci88/Qaeqrt7eVKri+o9z3HcuMn+ybq0kQ5BCEJRAQhCABCEIAEIQgAQhCABKW9w+m4OY5zHDZzSWuHoRqk0IA6bwf7SjIpXpkbNrRqP3wN/ULqFpiOZofTeHNOxaZB9CF5iUlg2O17V2ajUc3q3dp9WnRI0B6ct8ee3c/zUjS4gY7RzQVw/Bvae0w25plp+/T1b8WnX5Srfh+P21cfVVWOPSYcPVp1TWmKdAqMs6nvMAPyTG44TsqmzoPqq4Kx5OPzWRePHOfUKCWnqly4oljbOPSTJSr7O6R92qkD7OOlUJs3FKg/wDZCUbjlTv/AMlG9HT6P5skWqtXmLD2dn/uBKU/Z71qAJv/AK/U/F/yWrsdf+L/AJJv6Gn0fzF/V2+pK0eBKQ96p8k7pcM2dPVxzepVadjD+/xcUg/En9h/ndPjpKV+358jHqLX+4u7bi0pe6wE+kpG54nA91oHqueYjjjKYmrWa0dyB8hzVQxbj+m2RRaah+8dG/1KsRgorEUl8CJvPU6piPFRglz4A35AepK5txN7TIllv5nff3aPQnc7coXPcWxyvcH6x5I5NGjR8FGp6j6jcjm/v6tZxfVe57jzcZ+XQdgmyEJwgIQhAAhCEACEIQAIQhAAhCEACEIQAIQhAAhCEACy1xBkGChCAJax4kuqXuVnx0ccw/8ALYKatfaHct99jH/Np9TuPyQhGAJu044c4NJojX8f/wCVYW4mTy/NCExoUHYken5qCueMXNcR4WxI9/p/ChCEBAXHtCrkeSmxvrLv6KIvOKLqpoapA/DDfzGqEJ+BCHe8kySSe+q1QhAAhCEACEIQAIQhAAhCEACEIQB//9k=');
INSERT INTO `service` (`id`, `id_category`, `name`, `price`, `img`) VALUES
(6, 1, 'Sting Vàng', 15000, 'data:image/jpeg;base64,/9j/4AAQSkZJRgABAQAAAQABAAD/2wCEAAkGBxITERIPEBIQEBUWFRYVEg8VEBASFxUVFRUYGBUSFhUZHigsGBolGxUVITEhJSorLi4uFyAzOjMtQyo5LisBCgoKDg0OGxAQGisiICUrLS0vLS0tLy0tLSstLS0tLS0tLS0uLS0tLTAtLS0tLS0tLS0tLS0vLS0tLS0tLS0tLf/AABEIAOEA4QMBEQACEQEDEQH/xAAbAAEAAgMBAQAAAAAAAAAAAAAABQYDBAcCAf/EAEIQAAEDAgMEBQgJAwMFAQAAAAEAAgMEEQUSIQYxQVETImFxgSMyM3KRobHBBxQ0QlJisrPwgpLRFSTSU4OT4fFz/8QAGgEBAAIDAQAAAAAAAAAAAAAAAAQFAQIDBv/EADERAQACAQMDAgQFBAIDAAAAAAABAgMEETEFEjIhQRMiUWEzQnGRoYGxwfAU4SNS0f/aAAwDAQACEQMRAD8A7igICAgICAgICAgICAgICAgICAgICAgICAgICAgICAgICAgICAgIPjnAC5IHaUGs/EYhvePes7SNeTHIBveE2Z2YH7T0w+/7k2NpYnbXUo++f7U2NgbXUv4z/aVg2ZWbT0x3SLOxszMx+nO5/uTY2ZP9Yg4yNHfce9YY2bzXAi4II5hB9QEBAQEBAQEBAQEBAQEBAQEBAQaOMsvEbEg6WtZcdRkmmObQ64axN4iVLio3Oe4SdIdTqXOtbhxXls+u1EzPzyt/h4oj0iG6zBozvY094B+Khzqs883n92k2pHEQ2YsCh/Az+xv+Fr35bc2n93Oc32Z/9DYdwYP+0wrNaXn80tP+R9nh2BsHCM/9poWL1vX80s1zxPswz4Sxwtlj/wDG1a/Eyf8AtP7utclY9mocDjGuVvsA+C6V1OaOLz+7fvpP5YR1ZhRa9rgcrMwDusTodNxuFP0+uzxMb2nYnHitHi6BhceWJg1OnG3yXqcdu6sSprxtaYbS3aiAgICAgICAgICAgICAgICAgIK/tbVvZGQw2NhY2vqXWuqjqeWYiKwm6OkTO8q/C9zTZuvNxcSfG681ed59VltDN9dfe27S+h/nNciaQzQ4g7rak2F9/f8A4T1hpOKs+yDx/HZmAFjy299LDlfipGGu8+rb4NNuDDMekdAHvOY2N/AlYy4/m2gjFXbfZJU+JmRl727QuVq7eh8OsS14cVPSdGXEmx07tNVnsnbdtNKvWLzuMThci4PL5rfFzsRWIWPYnEXTUzHvte2tuYJafgvWaC8zTafZVaukRbeFhU9EEBAQEBAQEBAQEBAQEBAQEBAQVva0dXwb+tUnVeYWGi4Qw3nv+QXm7LCGF3nDuPxC1ZIvPf6g+JWfZhWtpycnipem8m8+MtTAXEwuB14eBJXTUbdzGPxTmzZPRG/B7rKLqPJiEfhbiayT+v8AUu+SP/FDWJ9VgxD0Tu5cMXk2hNfRv9kb3v8A3Xr1HTvdV6zmFtVmhCAgICAgICAgICAgICAgICAgIK9tSNPBv61SdV5hYaL3Qo49/wAgvN2WEMD/ADh3H4ha+zL5F57/AFPmVmeGFa2pPUHepel8m1vCWpgPo3fziVvqPJnH4wnNm3eSd67lHz+UNUfhP2yTvf8AqC65PwoaxysOIeid3Lhi5bQmvo4+yM/r/cevU9P91XrOYWxWaEICAgICAgICAgICAgICAgICAggNphu7m/qVJ1XmE/R8Sgxx/nALzdljDXf5w7j8lqyxZSZHZXlhycmuG/iCLnwIUvFkwxWIyU/rE+rlet+ayqO1U7gGxyABxu5rhfLI0WBLb7iCRdp1FxqQbmwrpIptkxzvWf4+0tIzTMTS0bSxYTNaM/0j3lRs0fMlUn5ITuyrvJv9YqNqY+aNmtWphX2uTvf+oLpk/ChrEfMseIeiPco+Lybpr6N/sjO9/wC69ep6f7qrWcwtis0IQEBAQEBAQEBAQEBAQEBAQEBBCY827gPy/C5VL1WN5hO0s7RKvjj/ADgF5myya8nnDuPyWrZqz1kcTi+V7Imhmr3vaxvnDS5XbHhvljakbtbWrWN5lTtrMWp307xnN2WmhkMUoaXsIBYHltuuxz27+S9J07S5sdbUyRtE/wB1fqc2O21qz6w08MnBjFje5aQRxGY6+5QM+Oa29U/FaJpCYwKMTNdCXdVkjXSt0uSCHRi9jxbfgdQbiy53tOCPiTHrMbR/lz9Lz2xPEtrCz/u5O9/6gomT8KHWOZWHED5M9y4YvJum/o4+yt73/uvXquncSqdZzC2KzQhAQEBAQEBAQEBAQEBAQEBAQEERjHnt9U/NU/U+YTNN4yrQ4/zgF5ey1RuLVZjAc1ud56kUd7Z5Hua1jb8Bc6ngATwUjRaadRlikf1/RpmyRjpNmrAykppY31k8ElTI4t6WV7GhhAJLYWOPkmAgDmbi5N17jBgx4a9lI2Ud8lrzvaUvS4g2YydG5skbSGZ2kOaX2JeARoQAWDvuOC7x6tHPtt6eCinbNEBGJWPfJA3RodGW5XsG5uYyFpG4mx5qBrdPGWIj33SdNmnHMonBKippX1NPYOq6j6u6GLk+Zj3G4P4G2vfS4C46jQ1y2x1niG2PUTSLT7ysey1aJpjKAW5g4uYbgtdmAcw35G48FQa/B8H5FjgyfEjuW3EPRnu+Sr8XkkQnPo5+yjvk/devVdO4lVa3mFsVmgiAgICAgICAgICAgICAgICAgIIjF/PZ3H5qn6nzVM03jKtX3/zgF5e/K1jhG1DAaukvrlMz2j84iLR42e9X3QI+e8/aEHX+MQiKKLLXVLaiN4fNmdHLK2EmWJrYh0d2EjqEHq6aWdxK79bpmjbJWZ2aaGaetZj1RtTjLKGuZHHfo3tDq2MWyQl5aIZQ37r7XLgN7bHeLqx0E3x4axln1n6o+oitrzNI9IReHRnEcXc+TWOIl5bwyQyGOCLxfmkPO5UuPmvu4z6ViE5gk0E2IV2Kkt6OnaIGP33LW+Ul9nVbbeCV0ifXdo9U1KIcWq422DXsZUADg6Tqye10d/FUPXaR2Vssen29ZhY8QPkz3fJebxeS0T/0d/Zh3yfuvXquncSqdbzC1qzQRAQEBAQEBAQEBAQEBAQEBAQEETi467O5U/U+apmm8ZVnn/OC8vflaxwhMfZJmiliBc6MuOUAE2IFnNBIDiHBhy3FwHC4urXo+qpgyTF/SJ90bV4rZKx2+yJx3aCWR9C6GDNJnqTGzr2E0behIlD2tLWjpXPPqAX1uvU58mL4fdfbt5VWOtu/avKibUvEQfTZzNKT0lZPvLnvt1O8k2A4BQNPNs9/jWjaPyx/lLy9uPH8OvPvP+Ft2F2clo5JIpTZ1VTBzXgejkaTniJ4uHSNPbY8laxG0oKA+jrDJzUS4bK0tZHMyaq7TDfo4t2oc/K6/EMWKx7C34PUCoxKsqhrGwNp2Hn0d8zxzGcv9gVX1La0esbxHKZpN4491gr/AER7j8F5TH5LhYfo8+zD1pP3Xr1PTuJVOt5halZoIgICAgICAgICAgICAgICAgICCKxfz2dyqOp/lS9P4yrAPH+bl5a/K2jhXdrMfbSAZW9LO5rnRw7w1v8A1pLbmg6AfeOnarzpnTYtHxc3HtH1+6HqdTMfJTlT462pHQufJHTO6OoLqipPRvdJUyNfI+OEC5yhjWi4AvcgWte41F8WWOyIm208Rx/8Qsdb0+aZ2/VX5KdnQvjZJ0xMhkFSI6hnW6tnZy03IN9b8Suc3t8SL7bbRttvDvFa/CmvPrvvtLpGymNfX6WznNbVQOGZ2jgJACGTADexwzAgW3vCtK27oV8xs947jIZTPfAwR1dQ4U2X7zZWghxcbahjS5wduILTuKxe8UrNpZrWZmIh9wWjZTZaWMEFoOY6dYAizjp2n2u53XnepZpjFt725WumpHd9o4SuInyTu4/BUWLyTlj+j77P/VJ+69eo6bxKq1vMLUrRBEBAQEBAQEBAQEBAQEBAQEBAQROMeczxVR1P8qZpvGVPq65kED6iXzI4w5w0GY2AawdpcQPFU2g0n/IzxE8R6ynajL8Om8cuZVeKSxyOfo+un68jiLtpmEAxsA/GG5bCxt1RqV6O1PjzvPhHER7/APSvrf4cbR5T/DC/Deif00t55jYAPAkc+Z/o4tbgXNjYXIAOtnBdLRtMYq+m/tHtDWs83n/ZWek2QoxTioxB8s7mC9QZZpckb26PaGMIs0HTiLWO5S646V4hwm9p5lhh2vw2nB+oUr5CRYvhphEDbg6R9ifYVi2alfcilp4hh2enNZXPrpYRD0cQa2MPEhDnEgyuNvOygN3bhbkoOpyxk9I45lLwY5rO88+yXw+cvq5nG+mjRe9m5tAvP67L8SO5Y4adnolsVPkX+qfgoOHyd1o2A+z/ANUn7z16fpvEqnW+S0q0QRAQEBAQEBAQEBAQEBAQEBAQEETjPnM8VU9T/Kmabxs5xtVTmb6pRBzmCV75Huba4bBH1d+/rvHsCjaK8afSXzTG+8u2es5M1aKpgmHOZJUVVSC+Rksg32MkjSA5zd290kbGng6dp+4rzHanw4vHG26BaJ7u2eUxgGHdPVPnc8COkzNbLazXVZ6001r2yMFmhu4DQaBaaSkzE5bc2/t7N81ojakcQl6PFoZovr0WV0L7sq2G9m5RlMhB/CNHXtdhB+6Ape7i59j+GfUJjTamGTM+ldfMbfeg5lwJFudxzVfqtN3Wi1UrBn7azWUhgTRAWEuex9QyRkzCR1ZqedzJI9Da1nMaOeUHio3UcNq4o+H7c/o76LJFsk9/unsF+0TeHxXn834cLGPKU1i3oXdx+C4YfJstWwXoD68n7r16fpnjKq13lC0K0QBAQEBAQEBAQEBAQEBAQEBAQEETjXnR/wA4hVPU/wAqZpeLOSvxV7KuR1YWAU0YDCxjheOaeG8mrjus3TtI1stLYa5dLXHh4mZ5+u0ukXmuWbX9kTim0zHkRU13yODHtJb1RK98shbffdr5YXE2tansrSMO2GuL9IlE7/nm61Y/gj4sLdRUnWLGDpB9+Vl7zWPB7+twN7kKVMbV2hy39fVTcJxmOkmbVw/Y6ghk8Y3MscrJg3mNzh371W6PPeLziy8x/KbqMNeyMuPiUXX1ZqKts0bnGGmkYKQfkZVQtv2tvLYcbMaDuU3u3tt9ETt2ru2doJvLRhu81tW5vc6tiF/bDItNRt2Tv92+Hzj+n91twQ+Xl/pXjs34cL6I+aUvi7vIu7lww+TeIW/Yb0J9Z/7jl6fpnjKo13lCzK0QBAQEBAQEBAQEBAQEBAQEBAQEERjfnM/nEKp6nxVM0vFnLNsMMMkrWMsH1EX1dpO7MyoilBPYGCVx7GFcOkWm0dv0nf8AeHbWREev1hF7I4ZC+SprdG01NHJFA9wAzHoz0lQ488pJ7OkA+6vQ7KxL0k00Tf8AWpi8CZwdUU5uejpDYQOA/HHo88xI/sWfuKxtxhbaadr4y11NVlzhGCCGSkAuLRxY4G+mg7NFD1WHf568wlafLt8luJadIwQQ07ndUSytlDbE/wC0ogZnu7M7w23MNaeK3w0mtd7cz6ueW0TO1eIQuHyGaqbIDmELAM/B0j3Oc468DLJIe5ctXkitNp9/9l00tJtfePZ0XAX3lkI4tYfaF5bU17axC6pO8yl8YPkXdxUbD5Oi7bHMtGR2k/3OJHxXpumeMqfXcwsStUAQEBAQEBAQEBAQEBAQEBAQEBBEY5vj/nEKq6nxVM0nFnOsRfKWSTvZkjfE+KmkDtQZnZRK4W0Lhly8QHfmOWRodHGmxzaeZ5aajN8W0RHENXDMMMtBQUbRlile+Wqtf0TJHPdFf8zzGzuB5Kxj1hGn0lv1mJCdmJghv1aGF8Oa2jpWxvM9j+FocxveCszPLDmWzOFVNS+LpIpauGCMBjM7ImDP1zA6R3fqGhxtYaDdyj5m8/Lw1dvsTqHVczZoXU3k2RMiJBywgh1mluhDnjeOAss2n1ao3AcVZFHIyzs7j1SLWN7AE8rKFqdPbJett/SEvT5646zG3rLp2zg8pN2ZR4XNvcvN6ziFvj5lMYyfIu7lFw+Tsvuyvo2+oz9IXpum+MqXW8p1WiCICAgICAgICAgICAgICAgICAggdqnER3G8NfbvsLKv1le69I+6Vp52rb9FKq5zVPlpRpDHMA4AFpywmzGNI4ula5xPBrGj711nqeujT49q+U8GlwfEtvPEIxmMupo6mhjF6jpv9i0/fFW5zmuH5Y3mW/IMHNSdDnjNp63jnhz1GPsyTDS2tb0MFLgVIc0s9g93HJmu+R/ruD3Hsa9S5+jgltl62md0uHUt3R0zGNdMDYSOkL85BHG7SS4HUk23XKNuBzfbKIOjpmtc5zRLV9G9zi9zaXpmtjJc7Utu2Qgk7gud52bViZRDIQMNdJaxdVxlhtqAI5xa/gFxrO97R7bQ6TG1In7yumxmPsmncwNcHOa1zhpZuVoDjfiCSLcetuVD1HRTjx9+/pH+VpptTF7du3qteNnyLu5VGHyT1/2T9Ez/APOP9IXp+m+MqTW+SeVmhCAgICAgICAgICAgICAgICAgIK7tnNkia62Y5m2Z+I529Xx3eKi5tviUmeI3l3xeNohWqCkEYIGpOUvd+JwaGl3jlC8jrM9s1+6fv/dcYscUrtCE2jjc2WGqhaHT05MgZxkicC2WMdpbe3I25qx6PqZw22t429P6uGsxReu8cx/ZR6etkqJ6mvkztbK4xtLSeke0kNbRwci4ZGucOF91yV6DPmmLfDp5T/EfVW48cTHfbiP5+yxugFDRvZIRC+U5qqSPfG0i0dJB+KXL1W23Xc88M0iteyu27lae6VJxRzpxYARvkcxrIW6thp42kCP1Wgi54knmoVs/zzb8sR/KZXF/4+2PKZ/hK0VOGyU9NbSnIfJf/ryWytPayMAnk6Qjgo+qvNMO35rerfBWLZI+lUxsdC11RVVQFuk6MMNt7Gttn/qIv2ixVZ1C9oxUxTPHP6peniJyWvHusOPehKrcPkmL9si+8bRyij+FvkV6fpvhKl1vksKskIQEBAQEBAQEBAQEBAQEBAQEBBDbSMBawkXtcjsNrX95VX1OZinomaPylV5JQ0XNzuAaBck66D+d68vNJvbaFrvtCsYnhdXJUxVTZooCwOayLI6UFrtXCR1277N0G6wsTvVhh1GnpinD2zbeefv9ke2PJa/fvEbNPDKmOPJXzsa+R5ezDaKOxu3c+dtwLZjc5zYNYRxcvR6fFTTY++8+vvM8q7Je2a/bWP0iFdxilrKiQTSsAd1rZbujhDjqGjcCeL3Oue4WXK2ojNO1d5j7R/l1+BOON7bRLBhVow8U5bNMSM1RfPHFYecXbpXi+jG9UHUngueTtx7Wy+3FYdMXdeJrj9+ZbuF0IfE2MOd5x6V5cc78zyXdbm6+rt/LmIGbUbZJyW9Z9vok48MdnbH9VlwNgEkoAAAbEABoAMm5VmotNqxMpNYiLTEJPE4szNd3FccU+reF22MHkgfyt+a9N02Z7ZU+u8liVogiAgICAgICAgICAgICAgICAgIIjaHzR4/JVfVPCEvR+UqdWSPuI4cud2udwLmxtG95aPOJJADbi+p3NsaTDTFSs5ssbxxEfWfv9lhktaZ7K/ur21VM6Kme99VWvccrLiXo79I4MNo4g1p0cdLKdoddfNnikVrWv2j6I+fBFMfdvMz+rDS4CbmaV8rJXMDSIp5Y2xRi2SmZkI6jALdpueK11HWcnxJjHtt94dMOhp2x3b7q5j+GMzNzdJLv9LLLN7nuNlvi12bJHrP7NsmlxU22gwxvVcBzGi45rb2iZd8MbVnZs4FcG3N3w1Wmf1Yw+ixYIy8snqx/pULNPyw6/mlMYi2zFxxcsxK3bG+hHqj4leo6b4yqNbzCwq0QRAQEBAQEBAQEBAQEBAQEBAQEETtD5g8fkqvqn4cJej8pVWNvWeePVF/ygXA9rne1ebz33rWv0WdY2mZamK0rZAxrtwkjf4xvDx72rTBlnFMzH0mP3ZtSLRtL60anuK5ezrurmOUDXOBvZTMGSawXr3NLD8KIuLjmumTNuUr2xKQwrBg3rE31JsuWXPMsVrskcPAErgBbd7lyvvNWZYdppLZBeUcbteGMOvmuJ37t3IqZoab1mfT+sOF59YX/AGO9CPVHxKu+m+MoGt5hYFZoIgICAgICAgICAgICAgICAgICCJ2g8weKrOp/hwl6PylWWb15bJytWCp3jv8AkucMwwx73dxWZbIHGibjuUrDDMz6PGEvJv2D5rOWCJ9ErSDRcLhRjyru5LeDEo/Hp5Bms+NgdcNcWuc7quLbbrW03cyrTS4sc0j0mdufp9Ua17RO27oWxAtTsH5Gq20H5kHV8wsasUMQEBAQEBAQEBAQEBAQEBAQEBBE7QHqDxVb1P8ADhL0nkrEZ1Xl527vXhaeuzxV5e0a9vIqTNdNO+28OcTkhrtAuOtvGp5af/VpOLFvWO/9fs6d1vWdkRjNO0lvlGtG65tzHbutc+zmpeLBj39Lxs1nJbbxYcOga3NaRr+wcdd+/do73c1rqcVKxvFt/s2x3tPp2t+mVfZ1h7pT5QpbxJhBbTySiRrGiRgGrXtMYa9z3vsHuOuUEs6txe7tDor3p8YJwza07z9Pp6K/POTviKunbF+hA5NaPipnTuJcNZzCxKyQhAQEBAQEBAQEBAQEBAQEBAQEENtO09ECOB18VWdUrM4t4S9FMd+0qi19l5WYXGzzNKTxI8VtW968Sx2x9HgTkcj/AEt/wun/ACMn+xDHwq+yHxmfdo3+xn+F1xZJn2j9mZpGzXw2S5O4acAB8FrlmZbVj0StO5R5Z2Kc9clJ4EXiMUzyczgAHOyuuL5biwytF9w/FyuFZ4suHHWO3/f9/Rw+He0ukbD05ZTtBFhlaBpa9uxXehie2bT7qzVzHdFVjU5EEBAQEBAQEBAQEBAQEBAQEBAQfHNBFjqOSxMRPpJwha7Z+I9Zt2d25QMvTMGSd9tv0S6azJWNuUTPs4fuSjxb/wC1Dt0OPy3/AHSK9Q/9qtGXZ2cbjE7xePkVwnouWOLQ6x1DH9JRtdsvUvOgi/vd/wAVtXpOev0/f/pmddi+7xS7I1TdfJf3v/4rM9Jzz9P3/wCiNdi+6Qh2Wntq+Mdozn5BYjouWebQxPUMce0tyn2Utq6X2NA95JXavRI/Nf8AZzt1L6VTNBs3ALOc0yW3F5uPZu9ynYunafFxG8/dFvrMt/TfZPNAGg07FNRX1AQEBAQEBAQEBAQEBAQEBAQEBAQEGJ9M08Ld2ibjEaIc3e7/AAs7jyaD87vcm4fUPzu9ybj6KBvEuPiP8JuMsdMwbh7bn4rAzICAgICAgICAgICAgICAgICAgICAgICAgICAgICAgICAgICAgICAgICAgICAgICAgICAgICAgICAgICAgICAgICAgICAgIP/2Q=='),
(7, 2, 'Mì Trộn Trứng', 25000, 'https://encrypted-tbn0.gstatic.com/images?q=tbn:ANd9GcTn1DGJbpTfbUFcBDh-5jv5VDDbr4lBuoqvug&s'),
(8, 2, 'Mì trộn thêm', 8000, 'data:image/jpeg;base64,/9j/4AAQSkZJRgABAQAAAQABAAD/2wCEAAkGBxMSEhUTEhMVFRUXFxgWGBgYGBgYGRsZFRgXFxgYGBkYHiggGx0lGxcYIjEhJSkrLi4uFx8zODMtNygtLisBCgoKDg0OGxAQGzImICYuLTAtKy0wLS0tMDItLy0tLS0wLS8vLS0tLS0tLS0tLS0tLy0tLS0tLS0tLS0tLS0tLf/AABEIAOEA4QMBEQACEQEDEQH/xAAbAAABBQEBAAAAAAAAAAAAAAAAAgMEBQYBB//EAEMQAAIBAgQDBQUFBQYFBQAAAAECEQADBBIhMQVBUQYTImFxMoGRobEHFELB0SNSYqLwM3KCkuHxFRZDwtIkNFNjsv/EABsBAQADAQEBAQAAAAAAAAAAAAABAwQCBQYH/8QAOREAAgEDAwEEBwcFAAIDAAAAAAECAwQREiExQQUTUWEiMnGBkaHRBhRCscHh8BUjM1LxQ6IWNIL/2gAMAwEAAhEDEQA/APcaAKAKAKAKAKAKAKAKAKAKAKAKAKAKAKAKAKAKAKAKAKAKAKAKAKAKAKAKAKAKAKAKAKAKAKAKAKAKAKAKAKAKAKAKAKAKAKAKAKAKAKAKAKAKAKAKAKAKAKAKAKAKAKAKAKAKAKAKAKAKAKAKAKAKAKAKAKAKAKAKAKAKAKAKAKAKAb70UGCvHaHDd61o3QrqQCGlRJAIgnQ6EVx3kc4yavuVfu1UUcp+G5Zq06jauzKdoAoAoAoAoAoAoAoAoAoAoAoAoAoAoAoAoAoAoAoAoAoAoBLXAOdAGcUAZxQEVqg6PM+19rJjHPJwp/ly/wDbWGusTPr+zJarSK8MjHDOLXrOtq4yjmN1nn4TpXEZyjwy6va0a3+SPv6/E1eA7Y3AP29klf30BHxVtPnWmNdr1keLW7Ig3/Znv4P6/saTh/GbF/8As7gJ/dOjfA61dGpGXDPKr2laj68ff0+JYV2ZwoAoAoAoAoAoAoAoAoAoAoAoAoAoAoAoAoBLXBQDbXagCC1CRpGzN5CiA/UgVQDJqCTz3tyk4n0tqfm01juPWPqeyHi397/Qf7J2LYVZhWYFi34iQxUAHlAA26mttrTiqOtLLyeF23d1ZXn3dz0xSWEuviWzYbMxukuyL4gJLFugiIM9K21akYU8Nb+w8C1o1K9wnGWI55yYzFasxy5dScoEZfIdIr5+W7P0qlhQSzn9Sy4d2hxaQiXC/IKwz+4E6/Ou4VZrZbmWv2fayzKUcea2/Y1mG4xilE3bdsx7WQmR6iY+FbWqkUnJHz2izqycaM3leJYYXjAcSAD76KeTipauGzJP37oB6Ex/pU5Ku58TjY7yH+aoywqX8wJ+/nks+jA/Lejk+hPcrq8e1HP+JjmCOsg/pVfeTz6pP3d+JwcTnZCfOIHxNFOb6Eu3xywt8RYmMg6wHUn4TXeqXQiVGKXPyY3/AMUuc7Dg8oKkH3hvrVM6ldPEYbe067iHSa+Y7hsdcYAtayf3mH/bNWQlUfrJL3nE6dOL2ln3fUlre61cU4O96KEAb3kT8KEpHDfGk86jI0s6bwqSBBv0AhnJqCRM0AUAzceTAqGSkSLaxUkC6kCqjAGTQk887dPlxMwT4FHu1rDcvEj6nsdarfHmyq4Bjrq4m3aRz3TMSV01AQk7iR7PKJiot6k+8UU9i/tG3ou1nVnH0kuTYcMcqLaySrlgBtljnX0FR5ctuMH5tQhiEMPaTax4Fgq27gfMAynw6gCeQ8W86bzNZp0ovZrk3293Vi9UZvC2Q8mFRACqovIQqjy0MTXMYQTwkXVLitOOZze5I7oKsCJPPT1FS3qeXwVKPdx9HliEw2Rhqsak6AVD06W8YOl3utLW2IwzuUXvEGc7hYgdN+cVzTjlZkXXVRQqaaWWjtzKZ0iOe3lFdOingpjeTg31wJGDB2O+1VOjg1q+zjYaKONMxgfxEfKuFTm+C+Vegll4Kji+IuhhbVSzEZgZERtMnzqqpGaenqb7R0JU+9b2zjgZ7Ii4MVdF2Qwt7HlLKR8q4oqSm0y3tOVKVtB0+M/U2VaTwTgoiDsVJAUB2gA0JOUICKAIoAJqMknCagDVkat7hUk9CSlSciqA7UgbNQSYntdgHv4jIkAhEMnaJcNJGuwFZq1J1JJI97s+5p21u5z4y/0wRF4TYwY7y5dCuVKgsNYPtZLYls0GJPInarqUKNtLXN5Zku7q+7Vpuhbw0xfLfh8sDa9rsGBbINz9nIVMhkySCxaY21jepfaUGpeLOYfZO5U4LK0xXj1aOf8ANmDDC3NwrH9tlMBhEAW/aI3k1L7Uh3nkcR+yFx93zn0+iz/ET8F2iwbAkYkAL7XeAoSI3tqdW5iBrVi7QoyTfBln9mb+lKK0t596Xw494zgvtDwzFw4a0oPgYgvmX+ILqG8tqywv4NvVsexX+y9zGEe6ak+q8Pjz/OhHx/2kWQ2W1ad15uSFJ9FM6esVVVvk3hLY1Wv2YqxjqqSSfhz8yx4f2+w1zc9038cgfEHLXSvYyWDNV+ztek9SWr2fTkvLOPVxK5GU6+E/OQauVeWcnmVLCMVpaaOtiOigHlqfnG/yrv7xIq+4U8pnL2PAHiVvOFzfMH610rlJbo5fZ0pPEJLHmZzjvElvFcisuQESYDa+m1Ya9bW8o9+ws3bxak85+BZdkcPc7y5dcGGWMx3JkH6CltLM3kzdp1Kapxpw6Pg1EVtPFCKAIoAigOE0BwtUZJOZqA7NANPd1gan+t65b8AkCuDzGm9ALJqQKRIFSGOLtUgKECqAbNCTIdob7pjUCEgvZjTyYz+XyrNVm4z9x7VnThO0erpL9DI8U4DeNx2XIATMEmZO+wPPX314ta7pxm0e7bX9JU1F5KO9wK8D+A+jfqK5V1TZ6UL6i11I74C4Pw/MfrXXfQfUuVxTfUYuYRxup+VSqkfEujWg+ow1lv3TXWuPiWKcPE53Lfun4U1R8Rrj4ixZf91vgaa4+JHeQ8UP4W5etmU7xT5Bh9KlVIrh/MqqKjUWJ4ftwaHh/arGrAKNc9UM/EVarvTzJHl1+zLOW6en3mu4Nxi5d/tbPdDrmB/lriXa1GPPyPCurWlT/wAc9XuL2zbsMQxylurCpV/b1eJY+R5sp1ksLjyLLCX1Y+EgiNwdK9G2p4bkjznVUnhEmtgOFhUA4LgoMAaAiX8faRgr3EVjsCwBPoDqa5lKMFmTwiUm3hDGL4kq7Eec8h186w3N7GCxBrP5F9Kg5Pcr247lyzqCzAmCCABIkctjv0rJG+qRik99/fg0/c089NiTb4qhiX0ImR5biu6d9GMtMnnPyKpW0knhcEdeMggsU7rDgSblxu7LeaqRMfxNl8pr0m+n/TPgRw3jnflnW2UwyrIvOcgaOaKRJSPxmAeU1Ky/YHsVd37SsIj5ES9e1gG0qkHzhmBjzrrI0lnhe3WEdspLowAJDJMTyJUkTU5I0s0WExC3EDoQytqCOddI5HaAVQgQaElRxm2qt3pjMEygnkJJPx0+FeV2lUcVhGuhUahpb9HOWZPE44GcoJ89hXhxs5veTwU1e3KNJ4jFy+SKe5iWJ9kf5v8ASrPuuPxfIiH2qpLadN+5p/QjXEdvwH3EVKoeZvo/a2yziUZL3L9GRbqsdArfL9a6jTecG+n9qezOtTH/AOZfQi3LDj8DfCre5kaF9quyeO++UvodS0eat8DXLoz6Il/afsp/+dfP6Ei2Y5MP8LfpVbt6ngcP7RdmP/zxJFq6vU/Aj8qrlbVf9Tl9u9nvitH4om2cWg3YfOqHa1nxFmep2xY899H4ofPG7a7Zm9BHzaKmPZtaXOEeTcfaGyh6r1PyX6vYrsbxu7c0HgXoNz6mvQoWFKl6T3Z85edsVrlaY+jHy5+JefZ/fPe3B/B/3CvYtM5ZHZSSqP2G673SSa2HvGU479oeAw0hrwuuPwWf2hnoSPCPeRUZJMTxP7YrxkYXDogj2rhLt/lWAPiajIayZrGdp+K41zaFzEMwEm3bBtwPMIBprzrmVWEVqlLYjQ3skT+xXZq7auriL0Wn1Fu25CvcYgglgfFGp8z6b+feXUZRdOG/i+UjZbUsSzLY2+K1HiYAkeODsqnWB1nSvGjDDyetTe+y9gl8ac6jN4dV15My6e8TNPR/6dd2tPG5GwuJa0gUnMV1n6+mkVM3HOYnbhreTQYTDWrr99iLZuOIyByXRSJ8QQ+ENt4omr6HandRcZrL6P6nk17ZZ9FiOO8I++uFvX37mQTYUAAsuurbkbaHURpFWQ7VqzzHTuVfd1HcTiOxFsqwsubEiAFEgGRJBJnUA/HcVoo31RJRmt/EomlnYkcH7FYawhUzcYz4mOxPOBGv6V3K9lnCWDlmq4JhO5sJbmcoInrqTXp0paoJlT5JtdgVQgRNSSZXttcICjXXWOWk15l8sSUjJeTagoozCNWHJ5Ex/hNhXv2w0GWEg6gjWZrRbRTqrJRQipVoxfiaZeDWhnbIPFcXLuAFOQRpy1NesranneKPRdlTWqTXMlj2bfuVC8BS732QBXW4FTUwPEQZ66VkhaU5ymsY32MMbNVlUUeU8Lw5+g23AHMaoQQTnDeEZYBk+tT9wk3yUy7Om306752WPER/y4/duxIzKVAUEENmjUGfPTrVkbF4356eBQ+y6ndyk3usbJrfP82GW7O3wQuVSSSNGU6gSQddDFcfcp87Ff8ATblNRxz5rnnHtIeP4Zcsx3ixmEjUEGN9RVdW3lBZZnrW9W3wqixnjhlfcSqSqLGDbqHk0RaENbqMF0ZIjYvtLc4cpu2kVmf9mM8wJlpgb+ztI3rVaPEmj2Oyt6j9hmLmM4lxQjvLl17RfKT7NhesqsKY85NXV7mnSTcnv4dT6OnSnUeIoveDdkbEBb6OTbcjMrfs7wLHLoNVgaECNeteRX7Rqc08b9Hyj0aVkuJdPmaxeCYQslwWrYKERlEKCp0kL4Wg9RpXn/e6yTjqeHzktdvHO6LLDi2rMxKhnILlViY0EncxpWbXJ7dPl8DmrmO8YkbH4h1BYhdD+IwAOvVfXzqYSzJLPuNlCjCbSKoXAyZwRB5kkjQnQkAmJg1bvr0PY0zhKM3FjuD8SoLhBOYagRIYOdR1iK5m0m9PBS04t4/nA9hkkqW10M+v9a1XJpJ4OpPCeC3N4qoaJgjr6ct9xXFKnKb0mTCcmiwwVxRpl8WpPMCT+elanHQsY+hjuHLnOxbWz/rVsJYWxge4+CNqsTxuS/AscP7I9K+htv8AFH2Fb5F1cQKoQRrdyakGO7b3R3qD+H6k15190MV5+EoULHwopY+QJ+QrBClKb9FZPOqOS2SyxyxZxNp1udzclTIlGI98Vqp0K1OSnp/nuMrjXpyU1B7eTLe1x+6AAyDQKNQR7JnnWx3dRetA7+/1UkpLw+TyJwvHhaZ2KTncOYaIgz013qqneRjKTlF7kUb7u5SeM5eeR/BcYRQFhhDOZVgCM5nY6GPPSr6d/S4fidUrxRShh8t5T8fk/eSW4labvAVgE2zAyyxQycwGgmrld0m+TuV1Snr1LCenw3xznpuPHjdpSNHgOW9lRoVIgAHz3rv7zT6v8y2XaFGMls9nnheDRnMdiVaxZtic1vPMjTxEERWW5uIShhc5+p4dWanb06fWOc+8qiKwa2ZlTXiNMKjWWKCGkIZ+7DLniYkSAN2I6aionU0R1S2RutbCtcSxSi3+XxIWK7PnF2yl8G1kukqysHLW1GWY2E6kE7aVnd/3VTNP0k1x4P8AnJ9p2f2Mrem9XrN7vyJ1vEph0FsAwCVRLa7LBKgg7mBqeprM6cq8tcnzy2e7GPdx0rH88yfhMRbZMyK+edUaF1XTRR1iarqRhFqPPn0+R2lU/FsviSMLcyrDRqdNRA8tDv586zzWeDuUdTyib3IAgatl00gaa+0ZrhpZxllOrLy+MkR7uZSr93qCNRnWT1/TyqVBKWVkt04lqjn8jmIw/ggQRl2A0HnURzqyRGfpZZCwqeESYjLr5r/pVz3lj+bl1R+lt5lhwzD+PUyNSP8AEZHyqzuU1uZ60/RJ2IxuU5IkkSFDKPPn008qtpweM8IzRhlZO4Fi0Syqx1y9BPPz/U1Q2k99/AxXUZOW3BcrjUH4v6FX0/NGaXkOtfBiDMiZG1dvEUwvSaLnCv4F9K+htf8ADH2HElhirtwgEjlV5Az98PQUIDD7e+pBlO0eBa/jEUaKLYLHoJPzrJXpd5JLoZqsHUqxivApOL9slw82cHbU5dC7SQT5AQW9SfjVMrhQ9GCPrezuwIygpVXheC597KBu3WOme9UeQtpHzFVfeanie0uw7LHqv4ssMP8AaLi48S2G9Uafk4+ldq8qLoZ6n2dtG9nJe9fqiSPtFY+3hLLf4iPqprv78+q+Zln9lbeX4/jFP6D9jtzhiPHgVB/hZTp71FPvcHzH8jHU+x9LPouPviSB22wQ3wjj0yf+Qrr7zS/1+SKf/h++zj8wTthgHP8A7W9/L/51KuKL/D8kVT+xqW70/wDt9Bd7jnDQMzWLvuJ/J6l1qC/D8jI/sbFvhfGSPP8Atl2utuwTAIbSD2rjeJmPQBiQFHXc+Q36cYS/CeX/AEW1hJ7Z97wNdl8PfxauL4um085b4ud1kZJkKBAeZ6HUVgvayo4cGs/6tZz9DfadlW2dqa9v8yXmJ4bhsAC9i2puNCznd+WbUlt9p9PKsDqVbl6KktudsHv2lrTjLZNdBOAvPdVi+VFIIGuUNIIIhpJgNvtptXNSMaWNPJtrUFnq14dV7Sxs4Bimgy8pDZj85094rPKbby3leBT/AG4Sx+ZEtWu7AF4wM2URGYzzJrttzeYF8mpeoXVnC251JKgxAiZ8zud/nVKm2s9Tyrq8qU8KMctj+Lv20dlMZjsTzU6Nr5HlSEtay1kupRnOCY0FtsT3bDMoCkKstrpA8jViSlhNcnTcl6y+g49mAJkH2T6aGKOlvhHCll7EYYTUgAtE6ASfF/vUOnLlFvejuBUnKhZp5yIMDqRB0HOk6kkmjiq0k5LgsbeG7xiBbzAahgNZ/velcU6VSovQTbPJjXqRm8vYiNwIoSJYLvmdp5+zlGhHn6VdUVWn68ce79Tcq3eQx18hFxsi93bAAJlmJJA22nXrpXUZOXpSIVo2yTh8QQmQSy6zPnv6CuuXwXRtow9ps+DGbKHy/OvorR5oxPGuVirJEu6kg+laDOMdzUgUy5fjUAwX2i8Va1NpDD3AMzDfuxPhB8zPunrWS6nhaUe92JZxqVHWmtlx7f2POGrzj7JJCSAag7Wwd1QnUKyc6EZ6BNAc3oSngestG1CuW5A4/jDpaUwxEsegP4fXrW6hS/Ez5PtbtBuTo03t18/IZ7K8MtXnuG/JS3bzRmKzqNSRrAHTqK4va06UVo5bweXa01Ul6XCNmMdA7uyirZUSQqnL4pgqFGhmTrzryNDbcqr3+h66jCEUoDqXbGqoQWAl5GhGsgDkdT8arqKeza2M9ndd7JrcUz24UEBlJ8AIAgnUwSSQJmY0NcPVwmeinPLa56kLD4u+pOdLa+PIqqQJ10I9x+dWunTeNDb2OdpJ6i3xhCQxYZh5THl61TGO+EV025rCWwvCMr/tFZgF0yhSZMD2m2/oVLjpWmXU4qQaeJLfxOnh6lZYXCAIganXWc3TYxrUasPbB13uHhYFX/ChZSOqyI3OuoJ01rlJuSTIjvLDFC0yAE5iTBM+ITEiNP6iu9bzhHGYyewWuIDrEnU+lXbPk7dF+0vOEYm037Q66QGI2H5+tb7RU6csz5PHuKj3hnHkT7d8sZKnI2isNKrqSfe95KPot4ytsY/nUzJtELil/wADW85AAkuQDrvtp8opd3mrNJbm+2Tc1NLfwM2stWTg9x4iO3LJYADf3wCSNSBuK7py3OFNJvJ6FwJSLCBt9Z/zHavoLZYpo+ZvGnWk48FjWgzHYoCJfUnbrUEnmH2oL/6heuQfU15936x9b2D/AIX7THYPD95dS2TlzNExMTziRWCpLTFyXQ96rUdOm5rfBpk7JKL9u2zsyMrljoDKwABHXN8q8x9oylSlJLdYPI/q03RlNLDTRNuYCzh8TbT7ubqFGJAl2BkDMQxggfnU0ridWi3KWHn2FUbitcUJS7zS8ryXs2Mvxy+j3nNtCijQKQBEeQ2r0KKaglJ5Pas6c4UUpvL8Suqw0nRQC7t4W1LtEgaDqeX6+6rqMNUtzy+1Lt29BuPL2Rl8VfGYMxO/iO5jmfWK9LDfB8Lq/wBj0Pg3C+7tlHNk2LilpyOt5w2o72R4YEaCfdvXz9zca6mVnUvPZezxPYtaElHZJp/EucAkLcH7IgxlVSCAoBhjOu4ECs1XhSzuapQSxhNe0j4+0XJOTUqEzCAck685NcQbSw35llOEIvPUYxFnDXsrlSO7OmrLoPQwRpUxnVp5S6kOM87sb4gLXdg3C2UnQge15e0YNTTc9XooshGUpaY/z5DLrduiRlgGdGSDptM+I9davWinyaIujS5/JlxwPhGJZVKAbnRj4V3giJ58qshRdeT0r3mC6uqEZPP7l5xHgV8W9B3rxGjESfTQR8K6dhWjL1dvIxUrynnnAm32cuuUNwIMo/eY6kQwygQRqd66hYVXl8CV9TWdOX/PEl/8DI0a6Y8hB5dZ6Vz/AE5p+lJYKXep7qIk8KRBKSzci+p+PKq7i0cXmL28DiV1Oaw9vYUlpLhunvVKqonc+ImdI29TVWtQXo8lE4rThlzg+KkGOR01rujWqRlhb56HMY6nsVHaN7itBUqrHQzIIHKaunaunLU1ye32Yoyy+qKXG4pRlEsGHTaDMn1mKQWzPWpwllvGw7hcc4O8nz6edcSgmRKlBo9Q7OsTh7c9D9TXuWf+FHyV8kq8ki0BrUZBVARqgk8z+1AD7xb87Y+TNXn3fro+s7Bz3MvaZf7hdsvbuOjJmnISNCSCAD03rzpTjNOKZ6sq0KsJQhLOOTdHGq/cMN3bT/KSfp8q+e7qUe8T6L9dj5xUpR1p9F+p3E3mGMtKIytbaesrMD01n3UppO2k/Bo6hCLtpN8pr5mJ7V2SuKc5SFY6GNCecV7dk80Y58D6Ls2pqt4rO6KcitR6B1Fk7UIk8IXe4ddvwLdpmABJKgtrsJj0Pxq+lXp0o5m8ZPmu2barXqRSklFLq8ZbEdnuzl67ilyIoa34jnHhEbEj5jzFRd3lONF78+B5tKw7l95cequMb6vZ+r6G7wfZ2673B97HhbKxFvYx4gJOh89RXg1LmEIxejnzPSq39KEY/wBrlbblXas9zfv2kOaGEF4JkD2jI86unLXTjJ7LHQ01J97RhOXg+PyJCkHMHuAkEeyoUjY78wdvyqp7YaRncWsNIYuZ7rhoTJ7JLD00T97mDVy2jl8+BDSgtPXn/oyeBgo9tQ9zNcUBA+WIzAGTOvLlVkK0nJeP5lbq6cPjbk2nZzsnbs217xJaPZY5gOcE7MflXt0LFZ11d34dDxrrtCc21B7eJp7KwIGgr0MY4POznkcioJOEVAGbgqCSPcQGqpwUkSngy3HLhU5cpJnTl6a14Tt/7rR1XrSjBYWSkwuGeSxJBzABR7/0rX3S2/Mx0XOMs568FlxIG8ots+UIQdT+IzodfpSTcocnt2V7GhPeOW+TOYy2IkbrofTrWeHgfUU5b+0k4a6e4cZIZdtIOsHXroTUTfpJHDiu9Tzsz0rshP3OzPNSfixr27VYpI+V7T/+1PHiXa1oMI5NARagk81+1LS/aP8A9c/zGvPvF6SPquwd6M15/oM8d43bvC2wgpbPeESMzMF0XLyg7k141G3lBvz2LLOzqUnJPl7eSWec9fcUHCOJMAoVHcpda9pEKpHiEn2RObU6a1NejHLbeE1j3noXVtHLbkknFR9rzt7S4v46/dxKMlhkuWgSVY6FTI1MDrWWNGjTouLnszDTpUaVCSnPMZdV0ZF4tw/F4ki8yKBOUKp1GYgCQfdrV9CpRpLu4s12txaWydOLeerfl4FhY7I21uW0uu5Z1Y+CABljTUEn1riV63CU4rZGafa1SUJTppYWOfMtuCcFtWb729LhC5gzAZlBIAXp11rPc3FSdFSW25iu7yrWoqfqrOMLh+f5Fhwsqt+/aQBVUW3gfvOXk/yge6qKzcqMJSfiZa6cqMKkt28r3LA9wq0ouYgxqbgBPkBp9T8a6r47uDfGDivKTp00/Aj9n7BVsSxHtXjHuVQf5p+Fc3dSOmPsLbyalCkl0j+r/QyOJwge/irhCnK+xPLIOUz5TyrdGemnBZ6HsKemhSj4r9WQbdvxADN3RTNMMRJO07ada7b9HL5ydOW/mO3u5uNl5IAcs5ogjxEbxmqIOcVqxyUtSxh8s9E7McJKILl05rhBg9Adj5mI1/1r2rCzVP8Auy5fyPnb651ycIeqi9ivTPOACgIuLxeUafP8q8XtLtOVCOKfPn+nj7TRSpanuVlzGseZr5md9c1PWm/yNioxXQbXFHl8a7oV68fVbIlSRNsXZGp/oV9NY3NSpFKo999/HBkqU0nsU3HeIWywtZSSYlxELJg+Z56R0rRWafHPiU6lnD4KO3YaSxDDUhZPIDcjQV58oSlzI0dxDVmIxgcMLt7KlzM4GbLJjzk7D1qzRiKTZ2reUXmXBdv2PC23ZrhLkSIGnMldTr61a7eMYZbPTj2o3OMVHYo+DYYMr5idwWB3jaJ/rasc1uencVHFpI3/AGUWMLbXpmHwdq9u2eaSZ812i83En7PyLpK0GIcoCNUEnnH2pEi9ZMf9Nh6+LasN16yPqewMOnNPx/Qs+G4W2hSwbaZRaLaqDLSoJJI13Pxr5eVVtSk3vkx1as5KVXU86iNxTDi3h8Q6AAENsBoF8AGnLQ/E1TDU6sE+n/SyhNzr04yfGPqPYgRdsDYnN7wqH8zWeKbhU935lcN6c/d+ZR3O0T2MWbbEdz3ktI1AI68gGg16EbSNSgpxXpYPTh2fGta64+tj+fIsu1uOup3bWFzFgVzASQDrodhy1rmwhGSkp/Azdm0aU9SrPCXT+blLwbjSYa7ddy1xiigxBl5kgE8h1rZc0JVYqMdsM9G5s53NKMYJRWXjPh9WcTtlkxNy4luRcQeFjHsExqJj2/PeodhroqLfHgVy7NzCFCcsNZaa92fDyLbs7xBcQ927dc2rgnKlskeAwcwGveGfLltrWW5pTpxjTgsrxf8ANjPfW8reMacFqj1b8fDyQ9gOLjDW7hv3Ge4zkohIN1hlUDwj2RIPIVXXoOrJRgsJLd9Curau5nFUY4ilu+i3fXqZfvW78s6tmuSWRdTqNvPQb1uaThhcI9fTHudMXsuGx7G2u9ZQVupy/FAA2kbR61xCWlN7GJYh1THMDhrVu5J1csFJnRtgDljTfbyo5SqYiuCqpqacvI9ZFfXLg+RZ00IInE8TktkzqdPjWDtKs6VBuPL2NFvT1zwUWJx/eH+or5S5qSuamrH0SPTp0O7Qz3o5amuoUYrhZZ04+Ii5cPXX6e6r3TaQSRK4Y8nckDn9a0dnvFRtb4M9zHCMbxrHlMQzZUAkgIAdI/FmAifQ16MZ53PHw1JsjWca76l9mKkGIgxy6cqrnPfDNcKcpLVBGx4RwLuD3jPC3MvhAPtQdN9uddSpKUIzkjZGvJxceWixxWMyyh56AzWWdRxTiWU6Wr0kYxlYXDlMISFMfzT61GpSSS5Pbi1p9Lnoek8FjuUy7ETvO5J3r37df2onyl1nvZZLJTV5QO0BHqCTAfafblrEbmVX+9Ij61hvGkss+i7ClhTz7/YTLGJm9Doy3FtDNsUhjrlIOuo5xtXyFVehmLym/eUTp4pZi8pvbxMaO1Dp3tkqr2y7RMggFpIkbiZ+Jr1Y2sfRlnDwe8uzIT0VE8SwivxvHr1y4LmfKwBAjSAd4qyNtTjHTjY2UrCjCGjGV5ldfvu7ZnYsx3J3NWxhGKxFbGqFOEI6YrCEyYyycv7smPcK6wdpJPPXxESRQsWGIxNzTNEldR+Y+FWU2s4fDMN/Sl3feU/Wjuv1XwHwyugIMgiR7+lcSjpeGXUKqqwU48NFng8cg8C2ytxyRIgIogH+8Zy6b71lqU2023sjDcUqsZJyblH8vbxsS7BzPqSrBVXORJXkY6kzVEsJeXgUzWI7eewliELNfuC5+FfaXrqes9NRvXSw1iEcFLpuawtkduEkLczLbCLIEmIPNtN9Os1EdspLL8TiSSeMs9ewt8XEV1MqwDA9QwkH4V9VCWUmfHSWltDprrJBXcXw5uIQOWvwrB2hbutSwum5ptaipzyzM5YMQfT/AFrwFT07YPaUk9xFy6Rpt6frRzUV4EqKYrC2XuGBovM8zUUqdW4eIcdWVVqkKfPJp8FhgqgAaCvore3hRgoxPGqVZTlllTjuy9q7ce4RqwjyBiM3r+lRK2y85K8R8CLgOAWbT97J8MAAQQdYzHTf9KxOjjLqP+dDdTk4w7uC5NHfuhky9Yj1Gs1ujKNaDj0MzzTeooeNWItFwzErEgkQZMTsI39N6xXNpTVNyjyjVYXTlVUGtmROE4EsUBgBdSeRY9OtYqFHvJ5zsejcVlFNrlmw4SR3YjYEj4E19Bav+2jxLj/I8lglaCgdmgGDUEmC+1YeCweeZvoKxXfQ+h+z/rz9hiMXx2+UZS+rgKzfiKidJ5bnaN68r7tTynjjc+hhY0U00uN0uhUrVzN0fMUKg6A0ByKDIk0OkJJodorlu9y+U/2bHwn91j+E+R5Ve13scrlfM8VT/p9bTL/FJ7P/AFfh7H0NpwTh9k2We6udXEG4vi7n/BOaQBJaIGm4mrKNKGhuXx8Cby6rd8o0njHEf9/fxv0Wd/J4GMXaxGHIZz3tr8NxdVMghWncddelY69np3+ZZTnQudo+jLrF7P8AnsG8PxK9cXKHklpIgH9mI8MHSIn41klRpweWtsfMz1bbRnVt4DGPaxdAtMCWiZDEBSBosDQ6V3S72m3Nf9MtaCqPS3sbj7L+0WewMNegXbQAXXRk1yR6DT3V7FK4gnpb54+h87d204vXj2m7DVtMA0DJpgCb+DVtwDVNS3pz9ZFkK048MjHhiTOUVQ7ChnOk7+81PEkW8HHlWmNNRWEipzb5H1tAV1siCFxXFqqnxBQN/wBPU1luq8afLL6FNyfB59xDtE73hbUFBqcogE7QdN9PpXkVZOrHU+D6C2tqcY+lyWfDONlX/a7QRtsTBDRvyA99LKsqVTDezKL6xUqeafJZnGi74EDMCRJymN9ANNY3nyFbrmUpx7umm8+WyPLtqHdPXNol3CLKRMQDE7kgUdN0KfH/AEujJVp7EjsbfL4ZSd8zj4Ma1WG1FIq7RSVd48jRLW0wjkUAwagkwf2pRlsg7Evr0PhI+lY7vofQdg51Tx5Hmd1qwM+uixKGdBr6a1B22lyTLPDL7+zYun0tv9YrpU5PhFMrqhH1pr4onL2YxZ2w7++B/wDoiu+4qeBlfalouaiJVjsVjG3RV/vMPymu1a1GUS7cs48PPuL7AfZwDBv3z/dtqB/M0/Sr42S/Ezza32ka/wAUPe/2NBg+xGBt/wDRznq7M3ykL8quja010PMq9uXs/wAePYkv3+ZPxfAMK9l7BsWhbcZWVVC6HzXUGdZ3mrdEVwjz6lzVqPM5N+1tnj/FeHYngl4up73DtKpdInKDst0DZhybY+R0qh03F6ocnpW3aK0KjXy4fNfsWmB4xaxAC2GW01wg3Vf+yMEjIp3GaQIHKee/Dll6Vs3ynwezBLT3udcVnS16yz1fs8+uPc1xHA2rjxcVsPcMKDGe259nQrpy8vQ1XOnGT39F/I00K9SEPQaqR6riS+P7leOB4i2SwHeIhKsEJKnKsnlymCRzkVRO2k09s+aDq21RppuLa4f04/YqLlu8hgSGU6bhlB1gc9NCJqEo59IyVrSpjMGmjaYH7UDZVUxVp7jAAG5bAEnnKtEetaqFWXD4+Z4VzYyp8J/DY02A7fYB4m9kJgQwIidgWEqPjV6uI9U0ZJW1Rbmis8Ywz+zftt5B1J+E1131PGclbpTTw0PvjUUTIA6kgVDr00suS+JChJvgoeJ9tcPZDEuDG+Ugx79prFUvm5aacW/M107KbjqlsvMzGM+0DOGyEIsKZIkwxhTyj1rI5XMm8v2beBthaUopNvP7lDi8dcvW2e6TmDkqBdRG7uPakyDrOgqltd5nOdt8pvfwNLi4RwlgqhchLd+GItyolp3ljmPMfrWunFanGXXfgxwu9dTTFG8wnDrw8RKh0hgLaCZbvF1kAx4GE6gyCJ3q10qq9VpY32Qdai3jDae27+hO4dxAqxe5cbIBEljGYnRQJgk6/Cs9G4r4cqjeP5wXVrelp0wSyZXtJx6L6yD4iIYBiJM5UXKJLaTG/PnXEKdWvmpJe4uhVoUY6DefZ4lz7uxcATcJURBCkL7Yk+ImT769i2puEN+Txrur3k8muWtBlHKAjGoJMx214Q2JFq2pA8RJJ5LGsecxWevT14R6nZl0rZym/AhcO7E4W37Sm63VzI9yjT4zXMaEEW1+2bmp6r0ry+vJdWLCJoiKo/hAH0qxJHnTqTnvJtiL2OZCxNtigEyviY7SMoHn15GutWCvGRNrjlhvxxyggjU/Kuk0yGmPWsZbYjLcQzqBmEwfKrCsfe7CkjxQJgc/SgELjeqMPWB+dRkYOrjlI0g+jDy10pkYO3ES6hBCsrCCNGBHMHkahpMZMNxT7PbQJfDeCfwEnL/h6emo9KqnSUlhmmhdVKMtUHgr3a/h17u4vgiIZQykTO/P41W4ySwt15noQv4TlqqLD8U2csCxC5DcsMBEoZBjmw0k6CuMJcZRt+9yqN5amn0fK9hIs2Cw1Nm8Tqc/hecoAgz002GvxqUm+cP5ETqpPbVH2brkhYuzhX0a0wM7q06TrGvTziq5Km+jRfTqXEd1JP3FTe4JbJYoGyyYnUxynziqnHfZlkr3RH0kmyJd4MhEyTBnUAEDoPImulBpnnVrjvefgWmDwltk/aDMvOWIIPQR+VZp0JKWYs5VWLWyG7HZi0M8NCvAGbWNecakD8qtzKTin0IUlBNxWci24VYtscrq165lGqF1UAgFgpOvhEgHyq504KG72RQqlRyaSw2RLy2Ul7t9JVvDOHYZW19mDtpPlNVxt6TWIyfuZZKvWW8oHcddtXM4BusrJmLQMqrClpVNvDzMwSNqKEIQxTy30KUnq1SwvE2V/il3vEJw6Kwkor+1m7xDmDErkVS0BNZDkelyqVspaPe2caKS/H8F0K3G44rZti9cs2Vt5+7GaWYOf/jA1I6g6zyGlSoVNMVssZ8+TqVWnmTWXnHlwZTHYO5jnH3S9dv3FOZ2ufs7dowoXIAND4fM6e+r/JmV77nrn2c8OvYfClcRc7y61xnY68woA115VZAqnzg1yCuzgdoCMagkj4nlXLJQxXLOhu4utRgnoISukQxz7uLmhQP6rPl9CfjU4IzgRY7PrmDPbUlfZgRlnc7xyHLlU4IcgHZvKAECiNtOm3PlTA1IdtcFYbwTprCgwNANqkjKFjg7AyCwn+LT4bUwMjqcPcCBr6kUGUBwD9PmKEbDN3hLnkPiKjBOUVGM7Fpc3tqD1U5T/KajSTqM/i/s0viTZvsPJ8rD5ZTXDpl8LmUeGyuvdg+KL7AsXB5uUPwg/WuO5XgaI9o1F1+QnC9jeJhwXwyZQROW8hmOqkia7hT0lFe57154ZaX+yeMMFMNbBEzmdNZBHJvQ+oqxxTM6qSXDGH7JcRK5fu+H5iZUnU8iTUKEVwg6knywvdleKsmTu7IXQaFJ0II1PpRx8jpTxvkrG+z3iWdXCpI3m4pmuJU1KOl8HcazjLUnuR73ZnjNkvdGFtEEQRbKu8TIYAmSwgbA+lV06Cp8bllS5dVJNmQ43xbGscrsbahWQoUyMFuRmDh5MEqPTyq1ywVKOepGa9jLzA95ib7bAIXJgxyGw0HwHSudTfkd4SL7g32dYi84a8v3e3zEhrresaL6/Km5GyPXODcHt2ECW0CqBsPqep867jHBW5ZL3BpFdo4ZNWpIF0BGNQSR8VyrmRKGu7J2BPuqCR21gGO+g86KLGol2eHoN/F67fCulE5cmyWBG1dHJ2gCgCgCgCgCgCgCgCgCgCgCgCgIvE8ati091gSEEkCJ901XVqKnBzfQtoUXWqKnHlki28gHqAfjXaeVkraw8CcRdyKzHZQW+AmknpTZMIuUlFdSv+74fG2ke7ZR1Zcyi4isQG9Zj3VxTmqkFJdTurTlRqODe6eBscAtIItAIo/CAI90VOhHOt9St4HjbOKtd9hznt5mXNlYaoYOjAGiJezww4nxezh2spdbK1+4LVsQTLnYaDTcanrU5Ci3wW+Hro4JINALmgD7v50GQ+6iQTrFRgZH6kgKAKAKAKAKAKAKAKAKAKAKAKAKAKAg8Z4kMPaLkFjIVVG7M2iqKpr1lShq+C8WaLa3depoTwuW/BLllcmBxzDO2JW2x17tbSso8iW1NUqncS3c8PwS2NLrWcXpjTbXi5NP4LYpeK8TvuuJs3gFyWNQvsls48aneCpGnrWStWqSjUhPpH9efgehb29GEqVWnvmXyxw/NMtcHZxl9Ffvhh0IGRAiu2WNC5bmd4HWtMI16iUtWldFhN+/JiqytaMnDRrfV5aXuwD8QvJ3mHxOUs1q41u4ogOFU5gV5MN9NKOrOOadXweGuv7hUKc9NahslJJxfTfb2oidnkxV7D2slwWLSoFUhA7vl0LeLQLO1VWyrVKUdL0pLwy3579C69dtSry1R1yby98JZ6bcssLONv4e6lrEstxLhypdC5Tn5K6jTXkR/tfGpUpTUKjynw+N/BmaVGjXpynRWHHdx528U/qL7H4lrmHzOZOdxsBsx5KAK6s5ynTzJ9X+Zz2jShSraYLCwhvtK5W5hQsDPfVW0GoPqNN9xUXNSUJQ0vmWGLKlCpCq5LOItouBhANia1mDIoWPOgFd150A5QBQBQBQBQBQBQBQBQBQBQBQBQBQBQBQBQFH2stN3du6qlu5updKjcqsho84M+6sl5F6VNLOlp4N/Z8o65U5PGqLjnzZYYbilm4neLcQrEzIEes7e+r4VoTjqT2M07arCeiUXkxfFsct+5i3T2PuwVW/eC3BLDqJkT5V5Vaoqkqko8acfM962oSowoxlzry14ejx8DWcG4vbu2xDBWUAOhMMpGhBB+tejRrwnHnfqjxrm1qUpvKynw+jKfi+IGJvgWjmSxbvNccarme2VVAeZ5ms1aSq1Fo3UU8v3Ywbbam7ek+82c3FJdcJ5b+hK7IcVtth7dssFuIgBU6EiNGE7giDPnXdlWi6UY53SW36lPaVtUjXlPGU3yvy9wnjeJXEXrGHtEOy3Vu3CNQi253PIknaleSqzjTju0035YOrWnKhSnWqLCcXFZ6t/Qb7J4tLIuYa4wS4lxyAxjMrGQyzv/tUWc1DNKWzTZ12jTlVca8FmLS46NdGHF8QuIxWGtWiHNt+9uEahQuwJHM7fClaSq1oQjvh5fkLaEqFtVqVFjUtKz1yait55IUAUAUAUAUAUAUAUAUAUAUAUAUAUAUAUAUAUAUAUBWXuz+FdszWLZbeY39QNDWeVrRk8uKyaoX1zGOlTeCRc4baaZtoZUIdB7AMhfSeVWOlB8rpj3FcbirHiT5zz18RrGcEw90zctIx6ka6eY3rmdvSnvKKZ3Su69JYhNpEmzg7aJ3aoqpBGUAAa76V3GEYx0pbFMqs5y1yeX4kbEcEw9xVV7KEKIXTYDkCNY8q4lb0pJKUVsWwu68G5Rm8vkkYLA27K5bSKg6KI+PWu4U4QWIrBXVrVKrzN5fmVHbLAW3w1xygLqvhaPENRsfyrNfU4ypOTW6Wxt7MrThXjFPZvddCdwHA27VlO7QLmVS0DUkgak86uoU4QgtKwZ7utOpVet5w3gsauMwUAUAUAUAUAUAUAUAUAUAUAUAUAUAUAUAUAUAUAUAUAUAUAUAUAUAUAUAUAUAUAUAUAUAUAUAUAUAUAUAUAUAUAUAUAUAUAUAUAUAUAUAUAUAUAUAUAUAUAUB//9k='),
(9, 2, 'Mì nước thêm', 5000, 'data:image/jpeg;base64,/9j/4AAQSkZJRgABAQAAAQABAAD/2wCEAAkGBxQREhUTExQVEhUXGBsbFhgYGBgaGhgYGhgaGRsdGxsaICggGBolHRgYITEhJSorLi4uFyMzODMsNyktLisBCgoKDg0OGxAQGy0lICY1Ly8vLy8tLS0tMC0tMC8vLSstLS0tLS0vLS4tLy0tLS4tLy0vLy0tLS0tLS0tLS0tLf/AABEIANEA8QMBEQACEQEDEQH/xAAbAAEAAwEBAQEAAAAAAAAAAAAABAUGAwIBB//EAD0QAAEDAgQCCAMHAwQCAwAAAAEAAhEDIQQSMUEFUQYTIjJhcYGRQqGxI1JicsHR8AcUFYKisuEzwiRDU//EABsBAQACAwEBAAAAAAAAAAAAAAADBAECBQYH/8QANREAAgECBAMFCAICAwEBAAAAAAECAxEEEiExBUFREzJhcfAUIoGRocHR4SOxUvEGQmIzFf/aAAwDAQACEQMRAD8A/cUAQBAEAQBAEAQBAEAQBAEAQBAEAQBAEAQBAEAQBAEAQBAEAQBAEAQBAEAQBAEAQBAEAQBAEAQBAEAQBAEAQBAEAQBAEAQBAEAQBAEAQBAEAQBAEAQBAEAQBAEAQBAEAQBAEAQBAEAQBAEAQBAEAQBAEAQBAEAQBAEAQBAEAQBAEAQBAEAQBAEAQBAEAQBAEAQBAEAQBAEAQBAEAQBAEAQBAEAQBAEAQBAEAQBAEAQBAEAQBAEAQBAEAQBAEAQBAEAQBAEAQHxxgSgIx4hT5nnobefL1Ql7GfQoK/8AUHAMruw5rHrWWLRTqG8AwCBDjBBgSsXRq6cluScH01wVUw2u0fmlvzIS5jKy8oV2vGZjmvHNpBHuFk1OiAIAgCAIAgCAIAgCAIAgCAIAgIeL4pRpAl9RojaZPsLrVzit2T08NVqO0Ys+t4jTIBBN9spnSdImPFbGrozW52oYhr5ymY/n6IaSg47nVDUIAgCAIAgCAIDnX7rvI/RDMd0Zw3MSQ4C7SLO5k+Jjb03WDpbLw69D8M6bUi/iNcNku6xuWNScjQ2PWIUb3Ialsxc4X+nT6oluIa52YB8tMCTcghxL/CBe2kyM5SLMbLhfRLDYVwnEPY5v3KnVkadotbJJto63gmaK0bJo4apKN0m/h9zW0+kNNli9paLEkvm/OW323TtYdTf/APPqvaL+n5LPC8Vp1D2XNd5Oaf1WyknsytUw04d5NfBks1gNbLYhys5Ox9MavaPUIbqjN7I8/wCSpffbbW4/dLjsKnRnr/IU/vt9xylB2NToeTxKkLmo33/nJYuOwqf4sf5OjMdYyfMbJdGfZ6u+VgcTo69Yz3CXQ9nq/wCLPX+Qpf8A6NvpceH7j3WTHY1P8WDxCkLdYybWzDfRYuh2NT/F/I8/5BmxzDmIj6rI7GfNEXEccpti4vpf9vMe6w5Jbk0MHORBx3Eq1QHqHNa5uoLZzCJ7JO8bbrSea3ulilh6MJfyptPx28zN1+IvfZ73u5gkx7Cyqube514YaENYpL11KLE4nrnBrDYG/n5bqu5ZnZHSp0uxi5S3N7TFmtktcBYCId5xb+RyXVPLt6t7otOCaOJtMbRa+m8ef6LJUxO6LNCsEAQBAEAQBAEBzxHdd5H6IbR3RnXAi8dmO9HdvN2j01J0ssHQTT8+nr11PxHpNUazilV7nZGtqtcSdg0NJ0Ub3Iaj953P0vhWJfUc5jXU2hgILmA5g5zXNBIJ1mRrseQja0mmb01HPGyvzaf9Huph6zYy0aLo3Dozci7MB2hz53uq7hNbRR2FKlK+aclfw28rcvsQgMaSfsqYnm8ZbNLe6HRBmYiJgqO1e+yJ8uDS1lL5a9d7fXpoS6eFrPblrmmGkyRTzF0yHd8kRp428hEipzkrTt8PyQuVKEs1FO//AKtbpsv0W78Q47lWblWNKK5HnrUM5EfA7y9ghnKjoKnksmuU+OIOw9kCVhbkPYLAsMw5D2CDKfDVHIeyGcg61BkKni/SyhhazaDm1qtRzQ9wptaQxp7ubMRJtMBYlNR3Kt5znkpxuWzMQ2oxtSmZY8SDABnk4bOHJYzXV0TQjZ5ZqzXJn1lYjdLs3dNMicfw+em6rTHbAl7eYHxDx5qGtC6cokuDqZKip1NuT6eBjOHvzPa4AAlzQ6NTfUQqNN3kmegrrLBxe1nY/SLwLEiDJ+6TA8zudYuuueP0uWnBT3/S+k25fPbVZKuI5FmhWCAIAgCAIAgCA54juu8j9EMx3Rng255lt27m5EtaLixMExqPJYOhm5evifj+P6N1OIcTxDG9im14NWpEhjco93nYb681o1dmktZ6H6dToim1jGTlY0NbJl0DmTcnf1WxdpUoxXifQ5Cax8QyeXOhAfOtaA5zjDWNc5xGuVoJMeNkI6s+zjcy3B+nlOu8B+HdRpkkCp1mbLyLm5dOcKCWJpxllZtQwmNq0+1hG6+Gvkamr2DGu8jQg6KczCSmrnh1ZDax861BYVsW2lTqVqncpML3eMaNHiTA9UIK9TJHTco+ifSn+8AZWayjVcT1ZZOR97NIM5XcjN1Cq8XPI9ySnhsRHDrEPWP1S6+Rw6UdLn4XFU8LRFNxaA7EZm5pzQQwH4YbF+bhyWa1VU43IcPSqYzEdnB28eiXM0tOs2rTZVpg5X/DqWu3aY5LeElOOZE7Uqc5U6m659V1KDptw0g0sQ4U6QDctSo50Oe4mKdPLpYAkuJEDyUOJp5omuAxUaOKbVsr3b5c7r8czQcJwXUUWUgc7ndskXBLgIykagAC62pU8kLG1bELEVXWW2y8v2Seru4BzXFsZw1wJbOmYDRSWIY14SdkfKby0yFgllFSVmZrinCxSr03sEU6lQdkTDHzJFrwdR6qnOllqJrZs6mHxTnQnCb96K36r9czXb8jlNuendAubeS6BwOXr6lrwE9l2kyJ9RMnz81kqYrvItUKoQBAEAQBAEAQHit3T5H6IZjujHVcI3+9a8tGf+2cGugB0Co0AWuBJjeFjmXF37kgNa1pDWhgLi50CMzjq53M+KFqnBZrkYuWC1YqukPGxgqIq5Wvc+o2mxrpgky46EbN+aw3ZXK+InK8YR3ZMw3FKVSi7Ek5GU2l1ZkyWZQXWPxAxZa06saiuiTERq4b3Ki15PkzI9EOmlTE1C3FhuSq+KWVoBpSSALCXgmBflO9oXikqmRk9Dhtd4V4qMvG3VLdm0YzqnFz3NYxphznEBvlLrGeStFStWg6fmYKpwzDsx4w1XEUmOe7OW025abQ4yykw37RBmTHeEaqlUw0ZVL/ADLuC4vOhhXDdrSKtt1b8Oht+JVAzPVqubQpt1c+waNAB94+AV0oxrwpwWtzhwvFUsTS67D1OtpyQTBaWkbOa64/7Q3pYlT0asSBSQnzGc/qE4/29LDgkOrvzO/IyzQfAuM/6FpUlljcozTr1404+XzKXo7i8Lg8Q2piarWBjSabSDLnd0AAA6An1hc/CwzVMz5HoeNYlUsIqMNM2nwXpFBg8z61TEO+0qV6hd7mQPITl9AsYueaaivTM8Aw6p0JVpaX5/8Alfu5peLdL3NDcJgSGtpgirWjvO+LIdgTNxcxaArcqkaMEjiU6FbiOIk47PnyS5GcqjrMtNz3PhxeGyYk2JjSTpOqpPEVWr8j0EOD4KEo027zWu/JdVtY0WD47WpUf7Vji2TYjWmyLtafhmdtNtbWKE3Cm3N+RzOJ0IV8UqWHWtve6fE6UOLtwTxVp3dUGSCDleW3guFoAOmui07eV862LEeG0Ulh20pvVPnsbXAYxtek2q2wNnN+64ajxHI8lahNTjmRSnSnRn2dTdfVdSUwAghwBB2OgIuDOxBUiSe5FO61R3dFhAII7LtNIsIPPlprzW5WXX5otOj4gO9J18dZvPp9Vkq4vdFuhUCAIAgCAIAgCA8V+67yP0QzHdGZqt+2achnq3Bx7Q1cwuBi0mAffZYLf/b+jjX7to9P5fzRl+luRgFqWDB/1RcTUwVEaDrKrh5w1n/FygxUstNmMDDtuIQXJa/LX+ysr9IqNLh7sMHziK1Zoe0AktpjQuMREj/co8LaNJyJOOydXGqkuSS+LPfDcXRwbv7p4zMpD7OmNX1TZg8Bq4naFXw0c1TO+Wp1eLV/Z8EsPHd+78FuVvEuI18Y91fEvsBLKYsxgJ5eUydeZUlXFNu0PXkUMDwaMYqritFvbw8X9itoZIdUaNRrewby9vkq03UbUJHawscJGMsTSVlbe1lZdF6uS6/FamPDTWc7qqQDabCZs0RmPNxvJ9BZW61dwSgtzhcP4asbVliJq0G3Zdf0i5weNr4GpDSaLsjXFpAIcw3DXtPpaxE7KGPaUf5HzOlU9lx8nhKemXVNbLk7H6dwjFtxNJlZk0hUzNixLH3bLdje4sujSqKpBSR57G0J0JToSd2rO/VH5DisfUL39bUfUrMc6nUc5wdDmktIbBIAmd91RxVWd8h1+B4Kg4LEN3eunT0jlxnBPo4eli6kO65+Sk34zrLr6Nt/uC0p4acoZr2RZxnFsPSrdmqeaS05c+REx2OyUnG82uPEgfqo6EM1RFriuI7LByezenzLXo5gqZLW1HinSaC6s+YytAk+psB5hbL+arrt9iNuPDcBePet85P19DhwjGsrYupWYIpvqEMERDBIaI2tl9lLiWlKMVsc/gtOVSlVry1b0v8AVmmwvCm1iRcF74+cD6rarDNaJrw+s6aqV+bb+SO3SXhArYmjSpFrcNhGuaIuX1HRnPLaJ81LWglTyIo4CvOri3iJ6vV/PRGt4PgRRwzABGdxfr5AfILejDLAlxNd1sRJvkkiS0/y/wCl1LHcilsS3cwYMdppkF2kmdR5bLcpry+JZdHjZ/Ls+WntOmllkrYvdFuhUCAIAgCAIAgCA8Ve6fIoZW5mnUj1jHnZpaI2PiYmdI5AHnIwXcl5XRxxBtNv008dkLlM54RwJ11kA2MEiAeVjdYRtW96m8rPzOoXl7ziHOqVmkseXODoykyAeXyuudiajvlZ1OC4WnkVaLeZ6eRWdIsEMLVpMeGl9ZnWdnVjNG5rXJ/RRyoSjDM38C7S4nSq4nsqcNdby8vqVhcDVY2SW5S7KW2N418wsReWk310MYiCr8Qp03/1Tl+CdxjH06WCdQY7PiMQ4AAX6uiHAku5F8RHJWMLBRg5s5vHcTOtiFhoct/Fv8FLxIFtAgC3ZBPmQP55qCh71XM/FnR4ouw4eqUf/MfyaTokKFKqKmIcG0KDTUdO+WA1sbkuLbbph49pVvLzJOJ1VhMBkp+EV9ytbxJ+OxNfF1OyKh7DfusFmjxMADxIKkxs02oopf8AHMM4qVd89F92fr2EBweBDi0l9GjUrFg3dlLw0+IsFeoQcKaTOFxHF9riKko6p6X8F+T8P4PSc5gJl1Sq4uJ3c5xt6n9VzsRLNVt0PS8GoKjg1OX/AGu/hy+mptf6p8Pex2AY1rjQosc0uAJaHw0AOOxOQETrJV6uslGyPOYB+0Y+Mnzbf3I/Rro6Mdh8ZTLgx2WmKbjoH584nwJYAfAqtgo3bZ2P+RVLQpw6tv5f7IuJ6K4sO6l1B7iY7t2GPxi0eZCiVKrTnaKLs8VgcXh06s1bRtXs7+W5JrdFcZRIijnBFjS7bfIwBBWtTDVE+pNhOK4SUXG6glsnpp1N9i+CZnONE9ow51OYcHECcp3vtsr9Sm3aS3PN4SsqcZRqd2V7M+cM4C4f+QGmwaz3neAH6rVU5Td5EirUaMMlDV+tWy2xeKBsNBYAaADQKyyOlSa3ONOpf+fsVhG846E98Aj8tneo1OtvCIWxSV7MsuAz25/D6a2vfWVkrYrkWyFQIAgCAIAgCAIDniD2XeR+iG0e8jN0K24MjcTH6+CwdOUOVtSNiKeZjm7OET5jyCw9UbuCnFxfO5l+E56NeDMMzPfGhDGl1ucx81WhmjPKeZoxr4fEdjdrr0aMP0fwj8TWYHuDnV6pc6DIAc7MfTLJVSr/AC1lH4H0rhy9j4dKs1rbN9kS+n7Hu4g+sWkUjSptoP8AhewNkwdLOLhGtlPjm0kjmf8AG4KdSdTw/stqnRLraeFfScOtbh5fSNjUD3Go3IdMwJIIOxHJJUc9FKO+5iHFIUeK1HUdr+75W0v9CLhegNepmqFjKDzp1hgujYASQI3UUMPVlG0tEXsRxPA0KrqUVmk7Xa/P2RJ4H0ReDXbjaJbQfSLSQ5pObOwtyQSS6RI8VJh6UqcnKa0sVuL46hiqMadGV3dPmtNSFxb+nlVxDabmYpsg94Mc0/iaTy5LXsZxlmpMyuI4XEUVDGJprzs7dLF/0Y6KUsKRVxNSkXsu2mHAtYdnO5kQYGlt1mFKNN5ptX9bkeM4nOtT7HDQajte3LouhfYrjjGvkZnamwk+o1v7aqOeNyy0KFPh0px109dSjxj8GKgrOwhp1GFrmhj8oJbpmYOyzQea09rpOWZw1OhCni1S7GFROOq1W3kxw7pQXuqGqGCm46GSDPwxEvJhbQx05Td0rMhr8JjTjFU28y9X8D2/i2HwjHClQ6tz3BzmAkgRYT9wa9kfut/bIUk8sdWY9hxGMku0ndLS/rfzL7hWMNWmHAkbEX7J1j2IPqr2Hr9rDM9GcbFYZ0KjjuuTJnUg7RzLeyflr6qaxrCvOPj56kTEYEsaX0jncNGnUn01WrVti9Txql7s1b+ikqcYqkkvpuAGpOYRp4cyfb3izvoX4pLZE7D4mSAWkHLM7eS3uZaZZYeP4YWUQVtiffYiIuP2JWSnpzLLgIEOIkaWMzvzWStir3SZaoVAgCAIAgCAIAgPFbuu8j9EMx3RlXWGkakEReb6zG36SsHWWrIjsXEiJWC1GkVXEa7s7KocWBhGbLHd5+Q38JUVRPvLdHN4pg7xVWLtl38v1+Sv4jj6OdzsPRY3EvY4Ne0kC4DXODe7IH1UMZRvny2ZRnxqvKh7PmvDQoeHYuthWmlWY2tRdcseA5gdzBaew7+aqRSi1leqK2FxU8PK9KVn4EvG8TNUl9mQGtaG6MaLADdYmypi6sqknOW5Z08TiKobP/jdOZ5b1jjJy5Q3RvImCLSqMnKL1/J6nAVadXDqb73TZac78yRxOk9zM1Kq2g4CBmHLUXjL5gLVz53LVGKUrTjmXgc+DfZ0erqQ+qQ5znXcLu7Ik6l1yLeixGaUfXwN60c9S8Fpovz8jzjM7gC9wE6UzABvaQ4c/XwVepUk1q/gWaNOCdor4/69eJBfjMtQ06TvtLtPZ5EZjrZs2k7clHZ5tPItKnF01Kptva/y+P3IWMpdiHPa507aZiRzjTmdViOVPTUmUndO1l9jpwzDsyEhhqVS1xYXacm6d1pcQfKTor2FpRnVSnt+ChxGtVjB5H8F1f4J3BnveW9dQDGucHOzAwR1TLEmRmNSqHRsGEfDbsVaGHpwbik+W/icKGJxNSSi21bw8D7SxOKY/s0yc2aoR1cB09aAHkQGuAbROXWaxMQ2RYjSoRTtYqyqVZ2zX02JOB4ni20Hl9Ihw6oMAYXEAloqPyzLu8XBuggA6FYy0lJRi9NeYlnknOW+nI7njOLa+HYd+WS1rgwkk5XNBLW2YM1Mu1IioL6La1PqvmRe8WoxL6jWvfQc1xc+W5JdlAzMBgwCQYzfh9FH/HmcU18yeGIqwjZM7Yekf/sYGdlukjtdoOGpES2bfeCxJR5FvDV6027s6F7GmJ18f5ZaFuSnJXJbKnak6xY8+Vzf6aoVnH3bIteBtIDpAGlxodffz8VkqYpq6sWiFUIAgCAIAgCAIDnie478p+iG0O8jKkQLXH/HdYOte79alXiBqY3/AEWGXqe1it4k/qaYqOs10jSR68t7+CozouL0PMcTp9jVeVtp/HXoZZ+LygHO1gDjB1sY03vyHispM49NSeyufOJNdV7TXkkwIl2Xn3XGVmLto0bqrKLtJFrwvgbDTFSsTTGrc03gTMEgx81HUrW0WrJ44dyjeo0kd8TxM08tKkRBmDGp3gXtfUhV7LvTuXKNLFzjlwtrLnt8jpRqVWP62tVyixykBzzNiST3BfQQVHUnllm2O/w/CtUFCScpu93fTyXL7HLG8fDXHq4JPxRfl6KGpVbd4nUo4K6Wf5FTSp1sTUhjXOgyXHQRf+BRxpt6l2VelQhZ6FjXxNGgXdkF5MuE7kzc6x4LLsyGnQq1bO+nIrXYw18z6gaGU4DQLDO7ujxAu4/l8VJThfV8iWtTVG0IPV7vnb1oZ/FVHVqkuBdN4n4f0spYppaG+kEktC6wGPAAEvc+zRmDSGDNcN2nxPOVrdoq1aN9Va2+nPz/AAdH8TdSzVIDpNg4kxNrbi1p8eVlvG8btmtOlGvaCdrdDVdF8FReetpiwE/Dq4aEADSVHJQWvryOTjcRVS7OXqxacervFMdWYJqMv+HNLvcAhQ012smirhKcJzefZJ/PkWvUwZJRUbatlS5XcQqjKOdz6S0fUhdLhzeWRdwM/fy9Suo1O2Dyvt+uq6XM6tRe4y9wjrmDIi8kaefhbQLY5tRbFzwFohxE3jXXf1I8VkpYpu6uWqFQIAgCAIAgCAIDnie478p+iG0O8jLAAHkS3wAN/QNkfVYOq27FbiTt4rBdp7XKrpbiQ5rqAGggaRoq1WrG+Vnm8RVc5uOVvmY7hPDqbMOxlRhJBMwASCSdBBHL3UNSTk3lKtPEdnilJ6L7EijDu1RaGhujSZse9HIm62SklaTuVcXldaTh3XyLIVC5pOZobBBzyToQGt2F1FJ2N8LS7aM4auVnZFtwfq6DevcQHlsNm0jmPNRdok87+H5PR4DA1KdBUXu9ZeHh+fEy/GeIdY4m5Ekm6ot55X5nqqFLso5Sw4FwVtSkKtV2UOMtblH119lYhSjbNJ/spYjFTVTJTje27K//ACr2VSaZAgkAAASJjQaKCTd7o6SwtN00pq52qYY4iXsEH4htPhyUcE2RyrKglGTK7isYai0GQXFxM3MublaI5huY/wCtWoJyail4kcq0XepJ6aJeP+3/AEZ6txEZjl75AgnUExFtFchSsvApVcUpStG1yywPD6mUOeDfe5E2i3pMrWCjJ3OVxnicsPSVOElne9uXly8GX2IdTLGtcA4m7RcSRY3A576LadnocThjxtFOrGWSKtdu2ieuie9/A03QHEAUuoqEB4PZAO0EgefeHooZ0FKFmdTE4uliq0p0btdbW1J/Ha4L2UWGTmE+c39h+qzShGnFstYam4UpVHz/AKLivWJsPXyXPlUc9Ec0znB8e3GPxVZpmlTAo0js4tOeo8eBcQB4MC7uDpdnSSe5YovLVj63PWHeRUG1jpE/PdWFuduolkZd0nkHSDzF5/cnmtyhKKaL/gvxennvqsnNxO6LNCqEAQBAEAQBAEByxPcd+U/RDaHeRmG6EbZb75D3bm0Dy1WDpu3rmVeJdBaeRn5+CwdCCvFox/Sqm5+Ke2QDtJgfPdcfFL+VnT4RGFPC50tW9dLsqqOENKs0lxzFsNc0lrCZFnDcA/WVpCo42W6KvFsDDGYaU4xtOOvnY0tPCMfLsgbVFjcgzuImJPNWZqUe6eJpVIzh2NXZ7Pozhh8KRma5u/an+XH7rOkkUaWejO9/ei/XroyDi+IPDupeS4jUcwf0XNqKUVY+l4HssRSVeGl/o+dyufTaXgRkBIBnUcyok2dHZaasv+LcSblHUuJAEC1h5Kade9orZFDC4WV71Vbn/szlOn2SZAO1tfZRczqSfJHyhXe0gtJB/Dmba41dA8L81NCKOfW95Wa+5V8cqVHHvdqblwYZn8QH7q3TlGLs9itWoTcFldnyuvp4fI98G4SKvahjHNAaw2EugZiY1ifmsyno433KFafs0oVezulvbdfbqW/GOGlj6cPq8nZjnmNXRYRO3iCsxi7aHKhxKhUlKFenGKd2rLfwduZ64pimBrHfEw5ZJBzNdeIBMFpGg2SLlqbSwdCrBUYylGE1dWu9n48tTrw2i6TVDnMf8IJsAbEnc289UlKbWqOlw3CYKmstF57aSfVrotiyo4oYN7KhcK7nA6uEgGxIIEA7KGv3Mt9zozwntakleNvAlY/FVOI0ntbXZhqUHOGguqEDZzjlyt8AL81ihCENY6s5FTASoTtUV+nQvujfDKeFwQZTdnblcZNiS47/ACC6tCeaCZVlFrEJW5oh0nTVbrvprpst76nbmv42XUePp66G1vNSHPT0NDwOoDm5iJ0jfSLLJzcVG1i1QqBAEAQBAEAQBAc8T3HflP0Q2h3kZcQRbVo8HAjSfP3Mclg6mt/Mrcc0ObnaS5ptJ1DpuDyK0UlJXReoyalklo/t4Gc6XNGWlWyhxPZcToC3UEeIuPJUMXSbmpos4Cr2U50m9N/n+DO4vHAwCABeIEAb28FWfijrRsotqV7/ABbJXDOLdbbMOtbpfvtHPxV2Pd8D51xLDOhVbt7r+hY0eJiocpOV7bOa60jl5eK1lG2xyZyfX9+BO4/wUVGddSs5rNBJMRpaSSosRQzLPE9VwXHKi+yl3ZfRmAcKjm5wHOH3gCR7qrkS0Z7BYiD7rJnDmvrRTs0akkwAFFKCjI2lXio5/wCjvWY2m7Ix2cj4hpbko5LU2pOU45pK3gemYluhbYkk+MiD6/RYszd0b6kaozDN7tEOP4ySJnl4clMqlRvVlb2JWdyPSrVHOimchNuz2AByEeWg1UsVrcixPY0qTco3S1ta/wBDQYBz6NNrC7rQXxleIu68Bw7XaJ3kKWSaXI83h8fSxlfJGDjo3fy8NvkTsZTpioadOKUntZQBmtLpd2YsIW6i3ra5yamIU6+TtLdLcvjta/xIHVF7erLmNIPbJMXvlAJsZjmsyqrul/hnDKmGnGtKTe+33/s71ei3WEVRULxu2Iyt0Htey17O7vJnfXEZQWRRt9yZjuHjC0zlylsWIBvPpB91mc1Tj7pHSryrT94uaNYtw1KmQWuc0OcDqBrcbEnbwV7DQcaKuUI2qYyTWy/0Rqbmh7C8wHOyMESXPIJgDkAJJ2U0YN69C5iK6ppQ5s0BYD2SIdFxa9tbb+I1WxSTa15evXgXPRwHtySRDYm1u1tyQo4y2lvEulkpBAEAQBAEAQBAcsV3HflP0Q2h3kZp4gXkiIBgGIJ7MaDWN/RYOmt9PXiZWhj+qcZ7TXWezmPDxGy8/HE9jUcuXNHbnh3ViraNbP1yJRY3K6m4dZRqNzAgXI5jk9pvHgQu7TcakdNnscvF5rKqtJR0kjAca4I6gT2iWmDTffKWknR2gPgSCIjxNGrRcJNMu0MZGpTVjvwvCNqvJA6sNEuqgDK3k07Ex6rVzsrENemppSet+XrkWDMC+rmcA13aOSYa6B+Ke15gALSFR7WOHiuDUm7wlb6kvDcXOHqCkS4kAFwIOVs/iFvVSKpbVFJcOxFFe7qjQYfFsrt+zLGO3sDPtqs2U+77rLlLEVIP+WLt65lXX6O94tcCSdMvp/IUMqEufvHVw/FYXStYqanAAeU8gb/P6LRU6bR1ocRmvI8O6OvMASLWBsfmnsniTLikUtj3w7os1zh1xc0bg29iJBHjIWVSUZWbIq3EpOPuIsadBtFx+z0u0ZxlOWMpAGgloMnxWrfvbHPxGLhGPvT18tfEPoHq3OaRIBLnAxY3JFtdR62W1N623ONWo1MTPtKSyX08/wA+dkUGFh1MhwqEzqGmbbE8rrpKnpe2pHLhGSGivL6W+JPwWHPUvDqb5N2nJYDz/miljTVrSOjw+jVoK0pLy6Fzh6manL3Mp9ouLYieyIkT2gSZ35LmYmHYu19ORdteWib5EvEVRRDa9aJLYZTEHrDaCZEgDWRHevsrOEwsqrUpLQoYnExpxdOJHp1Oy+vXeGNAzVHnRo2aBudgFfks8ssSWg1haGefelrb+jEUOPOxnEcM4DJTa+KTNcrYNzBu92pPpsrfZqFNopZ3OopS5s/XctmyJYRAA+GYO05o8yDColy+r6+vkWfRr4/9N4idduXjA+SFTGPYu1kpBAEAQBAEAQBAc8T3HflP0Q2j3kZGsYY+OQtqe6L9mA1pvvedCtZbM68O/G/rX46mErukrx03d3PV01aJadH8SSepJ1Oan4PG3gHD5wunwzEZZdlLZ7ef7OdxGirdqvKXl1+BZ1mGnMNFSk916TiBBOpadWu/75helcYVY2keSeehPR/s9VMK1lOWENGv2gkD8zmSPWy588FK/ualuGNi376fwK91PrjcU3wZGWo3nYAB9yPvHTYFV3hq6VnEtRxNFd2fr5fQ9YjhpeTNOoM0SWsGw0Don35WUToVHq0zeNeKWkl8zlV6OsZTik1+bbtAOn/VefFTOnVULKLI1iKcpe+0SuGis6kWVIp1m910SCNp8djHmFHBNrK9GtmVK9CjGopwV4Pl+DtSL6hDamHzu2eztN/cfNZTnPSUVLx/Zs4OlG9Gpp0ZZ1uEvc25a24LcxMsIvaxnYe6nVCo1+xDExjZv425ldjuGYtrAygyn4mx1MyBIutXRrLkmS9rQqO8pNeX5K+v0bxzmTPbF4GhiNZ3/bVa9nWvsjaDwUHt8eZ2qcGxLcOWdUHOm4zZQRY63+azGhVT25kksVRz5s3+y14Zgn0qWR7GsHOZMHymSulqyjWqwlPOm/I+8VxrKTcsNaS2Lh2nMBoJd/LpBdprHUihUUZXm2ZzHcVDXdinmLQMrqhsDzFMXm+5Kk9kjJqU+RmpjptNR0/si8O4c+sX4rEvhrbl7zAA8eQH3QpZzt7lM1o0krVKu3Jdf0Y3pj0lOLeKdKW4emewDYvdvUcOZ2Gw9VPRpKmvEVasqs8zI/Q9n/zsMDs7/wBSdkq//ORmHfSP3RrYNo0OYEwwwREE62008AVzS7e61/fMtOjsQ6PA7ybuAMHTT6rJVxd7ouEKYQBAEAQBAEAQHPEjsO/KfohtDvIyGKcAxxNwGiDv4gkWNj5+S0nJRi2zr003NJb3MazD5p1gAaCbmYtytHqvN4fDdvNq6VlzO7icX7PFPK3d8i24d0XrvgtaW377+yInUCZOn0Vt8JnG2WSfzKD43SlfNFrw01Ndgujr2j7SrnPPLB957XmZXWoU5042lLMcXEYuNR+5HKum/wDr4FlS4SwalzucnXzhT3KmbSxwd0ZwhMmhTcfET9Vt2kuppY70eC4dndoUR5U2/ssZ5PmZsSW4SmIhjBGkNFli7B1yjkFgABAfUAQBAfC0cggOVXCMdq0H5fRDN2RMRwem4RHoYcPZ0qvUw0J9U+qdjZVGipf0WBJLhSfyLWGm4DlLTf5Kp7DWjK9OrJeepL2secSs41wJhpuZVpvyMaSwdY4tLiDo3MJd676qCVXH4aXeuutl+CRyhVd5bmSodD8NTL3VMK4tZRL5Dq0F4AJaCXnyEA6G+kxVOL4qVlGpq3baO3Xb8Eipx6FJh8NTZxTC9VT6pr2tdkJd2SWPmS++o319V3cBVqVMNLtJXabV9PDoYslNWP1kGcsbCA6SBGXmYhs+Xqsk/X+vj66llwAznMk39N/D57rJUxXIt0KgQBAEAQBAEAQHxwkRzQIqMX0fZUYWFzwOdiR5TbbVR1aaqQcHzLlLGzpzzJI6cM4BQoQWsBd9913f9eijo4WlS7q168zGIx1av3np0WxaKwVAgCAIAgCAIAgCAIAgCAIAgCA+OE2NwgKDiXQ3CVp7DqRO9J7qZ9mmPksNRfeSfmkzZSa2ZmqH9LG0sSzEU8VVdkJOWqA8xlIADxEC/IqZVEoOKil5aEkK1pJs1R4Y+wIBjQgxlO+XSP5dQlj2iO69eZK4Rh3sL883yxMbDw1Pv5lZIcROMrZSxQrhAEAQBAEAQBAEAQBAEAQBAEAQBAEAQBAEAQBAEAQBAEAQBAEAQBAEAQBAEAQBAEAQBAEAQBAEAQBAEAQBAEAQBAEAQBAEAQBAEAQBAEAQBAEAQBAEAQBAEAQBAEAQBAEAQBAEAQBAEAQBAEAQBAEAQBAEAQBAEAQBAEAQBAEAQBAEAQBAEAQBAEAQBAEAQBAEAQBAEAQBAEAQBAEAQBAEAQBAEAQBAEAQBAEAQBAEAQBAEAQBAEAQBAEAQBAEAQBAEAQBAEAQH//Z'),
(10, 1, 'Nước suối', 12000, 'data:image/jpeg;base64,/9j/4AAQSkZJRgABAQAAAQABAAD/2wCEAAkGBxAREhISEBEVEBAQExEVEhAQEBUREBMPFhEXFxUSExcZHighGBolGxMXITIhJikvLi4uFx8zOzMsQykyMC4BCgoKDg0OGxAQGi8mICYrLzcrLTcyLTUvLy0vLi0tKy0wNiswLSsyLi0uLy0rLTIyMi0rKy0rKy8rLS0vMC0uMv/AABEIAOEA4QMBEQACEQEDEQH/xAAbAAEAAgMBAQAAAAAAAAAAAAAABQYCAwQHAf/EAEYQAAIBAgMEBgUJBAgHAAAAAAABAgMRBBIhBTFBUQYHEyJhcRQjMoGRJEJSU5KhscHRM2KiskNygrPS4fDxFRY0NWNzwv/EABoBAQACAwEAAAAAAAAAAAAAAAABAwIEBQb/xAA6EQEAAQMBBQUGBAQGAwAAAAAAAQIDEQQFEiExQVFhcZGxE0KBocHwIjJi4QYUI9EzUnKC0vEVNKL/2gAMAwEAAhEDEQA/APcQAAAAAAAAAAAAAAAAAAAAAAAAAAAAAAAAAAAAAAAAAAAAAAAxkwNUqrA+RqsDbGTAzAAAAAAAAAAAAAAAAAAAAAAAAAAAAA58RXjF952vZLxAwqzXC/wYGEJ+fwYG2WIgmo3s3wswOhAfQAAAAAAAAAAAAAAAAAAAAAAAAAAAQnSavkVN5rNSk9OKy21+0BFS2+7LvJ+64HyPSBrivsgdOF2r2s6d3uqRvbTR3Vn72gLQAAAAAAAAAAAAAAAAAAAAAAAAAAADmx+NjRi5S1fCK9qT5IDz/a1bFYio5djUa4erkopco3X38QOJ4LFLfSa83FfiwDwmI+r/AIofqBnQhiqbvGlN80o5rr3AXbo9tp1VkqxlTqL6yLi353/ECdAAAAAAAAAAAAAAAAAAAAAAAAAGnF4hU4Sm90U2BS8Q6uJqq8nGCd5OMmrxXzVbhpYiBPYfBrkSNz2bSe+EX5q4GH/CqK3UoryigMZbMpW0px+ygIPbezZJKdJuMofNTaTXDRcUwJbontntoZJv1kee9pb/APXiBYQAAAAAAAAAAAAAAAAAAAAAAACJ6RxvTfKKu1wstXfnomRI1bMwqXDgiYElGmBtUQPjgBjKAGjEUE4vQCr0qUqeKi4tb01GO9Rdk81vMgXYkAAAAAAAAAAAAAAAAAAAAAAAEN0ly9m8yvaMmuV7rf4XsQPuzaKsrNpWWl9CRIxj4sDao+LAOPiwMJx8WBoxFK8Xq15MCu4elD0lq15R7J3et7ya+4gW4kAAAAAAAAAAAAAAAAAAAAAAAEZt2nmh5xmv4b/kB82a9F/VRA70SNoBga5MDVX9l+TAgsBSviaj8aS+GZ/kQLMSAAAAAAAAAAAAAAAAAAAAAAADg2w7Rj4yt8YsDRs56R8iBIIkbUAYGuQGFTcwInZn7af9f8IP9QJ4AAAAAAAAAAAAAAAAAAAAAAAArHWHtaWEwqqxp9q1VprK59mkmpXk5Wdkkmza0mm/mLm5nHDsyru3Yt070qHs7rahnUI4Oc9bRca2sn4LJf8APwR1P/A1xGZuR5fu16tXFFG9VGPjyTNbrVpQtfDScuMYVoyUfByy2b8rrxK42Lcn3o8pVRtGmfdnDbR60HNJw2fWmm7JxndN8k1Eou7PtWpmLl+iJiMzmYjEdvGeTONbnlTLpr9YNaDtLZtVWSbkqmaCuk/aUGtL8+DNbSUaPVxm1qaJ58OU8JxymYnj04cY4lzWTR7klDrEhNa0Mj+a5Vbw/tNQbXwfuOjVsWun3s/Dj6/Vqxtemfd+f7I3anWdOi8ssFvs7+k3vF/Oi1C0lyadnzM6NiRVGYuf/P7rKNozV7nz/Zl0G6YzxeNVLsFCE1UnGrGq5ppRfDKrO+jXA19XsuLFqbm/mY6Y/dsWdXFyqKcYnr3ffR6YcluAAAAAAAAAAAAAAAAAAAAAAACjdc9Ny2XVSTb7TD6JXbfbRSVuOrOpsecaqPCfRTfmIozLw3ZtCTqRw9BZ6s3lqSj85/OpxfCmrav51nwSPS6nU2tPaq1F+rdop4/fbM9I+EcXKmmbuK6v9sfWe/s/y+OV0qUsHs9JVIrF4yybj/R029Vv3e9OXHu3PFU3tqbfmarUzY03Sffr8vpMU9M1YZzFu1z4y56e28fiq0I0F63vZIUacb5dG03K7y6K93bRHTs/wzsvSWKqblM1RP5pqqnjPbiMRnjOJiN6MziWEXbtyrFLoo9JNoU6mad4a2dOdFRjmSs1qsyd1qr77lNv+F9iXKfZUU5mOsVzvcZzxxOOHKMxPDDK7c1dmIuVUzETyzHCVio47CY20cRBYfES0jXp+zKXKV/wlfzRRXodo7Hj2mkrm7ajnRVziO79sd9Mq6b2n1c7t2N2rpMffr5qj0owc8NJ0MR7Du4TSva/9JT/APqPHzs16PZu0LG0LMajTz3THWJ7J+k+XDMKKtPcs1bvXp2T/b6SkepmEo4+cHZpU5y01W6NpwfJxkvNNclbHbGJ02e+G9pZiu7TVHZPj4fCfm9yPKOsAAAAAAAAAAAAAAAAAAAAAAAKl1q1HHZmIkt67Kz5N1oLMvFXuvGx0dlRnVUx4+ktbV0xVamJ7vWPuXjvR5eg4R4lRviMRZU3luqVFyspSe5JtX13vIjHaVurbO1I0c/4FrjX+qvGd34cu6N6exo1VzMzjp6o2c7u7d5O7bbu23q23zPX7sUxFNMYiOUdPCGnKc2H0ieEi1Sgs0vbqN96S5eEfA07+l9tP4pW27/s44JCfStV80a1GMu0SvLRT03NS3prmU29m0W7ntLfCrtWXtfXXa9lXmaexzRt/vyOhxcXhlIV6np2Fnh6mtejrh6jv3nlk1TcubUJLXelfXK2eM11irY20qdfZjFm5wvR0p4xG/jszMT3TmOG87OnvTdtbtXOOUsupF58TJ8aVGcVfe6c5Ra+zJS+2lwPQba/DZx2zHnx9fot0tO7qMxymPnwj5xjy73th5Z1gAAAAAAAAAAAAAAAAAAAAAABUOtr/tWK5+pt5+kUzpbJ/wDboz3+kqNR/hz8PVRcRhm6VXDQjDLXhOjFSrU4SfodBVcP2dOUlKV685w7qfs6lP8AD+Ysxqa85qrmueE+/Vicz/piJ49rUsU5tT+rJQqXxU8O7ej4f0KVKm4xy05LF4SOeOmjcas0387O73O5XH9GLkfmq3sz2/hq9MRjswiJ/qTR0jGPOHHsPBxkpuolGFLHqpUc1aKhQoV5yhLTRXUItfvozv3JjG7zmjEfGYj+8/Bhao55/wA2fLKQc1RjXqxruisTVwlVVMNT7WMnUo13VgryhaHawqfZWhhRHtKqaJpzuxVGJ4cppx28cYRdmKKaqoqxmY4xx6T9Un6PCdLs8qzyeEdJpa9pHZ9GTh45o51b6TiY79VFe9nhG9nwmuqM/CcfDKjcprp3euaceMUxPzjLVXvSdezgozrY3EyXaU1Vy4fERyqNNyztZKGKV0n7fgaevsfzemm1iczRFMcJxmqmevL800Tz6Nq3RiKo7Zqnyn9pcvVbhlT2rjIrco13/ZlVpyS+EkY1X5v7H09yrnMU58YpmJ+cGmnN74f2ewnHdQAAAAAAAAAAAAAAAAAAAAAAAVvrExSpbPxFRwjVydi8lRXi328Le9b14pF1jSzqq/YxXNG9mN6OccJ9eU90yo1E4tz99Xiu0Kk5RwuOpTg3Qmv2dTNGnVlWlXs1JJuWerK65WVrK51tm6m3Rfq2ZXRVTin8OY41UxG7vZiZjGI4d+eOeDQm5MYiIxhJ4etjJeocqNRdnTz0K1FZpU4ruRlJQVS8Vlt3k1eKR066bMfjiJjjPGJ69euOPXhieqqm9Mx+amYadq4ueIkl28YZYyhLPjK1W6cotxbqPSN4J2s22le9lZZoi1Gd2Z/2xHp9+CbtU1+9j4y5sFSk1CMsRBU8uaMJVZOEWtcrja0ZXqz+M/fsb0RMzFE58Pvsj5NWumZpxNUY8fvtWaWDxEFTlOt2cc8JU5zzJZoQShOLa1tGMUl4GvF21VmKaczicxw6zxjzVTRXGJmvrw+EcJ8kJtnHVoV6WLqyjVhTnFOdPJKDheWaEoxay5lKV72feb13FkW6Zs1WrccZ6TmOzrieXTnyxw5tmzfmbsTVOZ9V46u8NU7enUnVVReizjFTh2dezqU2pSVk5KyS3K2m+9zxFjVaear9izamnFcTMxO9RmIxMROZpiczM4jnHhiOhpqf6me6eHk9HLHQAAAAAAAAAAAAAAAAAAAAAAAFU604t7Kxdvo037lWg2/gmdDZU41dHx9Ja+qmItTnu9YeOYbJiKKr4eU8O8Co/J3BTodpa+am0tZt8ZJvXW28m3dvbN2hGmv0xc9vVOLmcVxHZVE+7T0iJiMflzPBzLtvNNVFfGJd+zKVTE569NyoVaalKdekpOnVlvcHBa53vtG6f0VfX0V6abWKKuMT0nnH7ePm587tGKOcdnY+Vds06scm0KEnUj7NWnFUqyXKSdk/w8DGLFVM5s1cOznCdyY/JLo2RXw3aQhhKN603aNTGyi4wfBxiu7fxfG2jvYXKbm7M3auEdKev1J3uuFg29gqsXCWPxE6id7KhTUkuai24xi93Ao0t2iqJjT0RHjP/c/NjcomMTclD18VG9WtOPouDVNrDSnCPdxFko1IQUbVZ+1K9nbdc422aq7kW9Jpp9pd34m5RE4zbjO9FVWfwRPCOcZ7Jbmnt+/u+Df1IuUsVVqTk5TnRqd6TcpStUppyber109z5HV2vRRb01Nu3TEUxMYiOERwnhERwbmmmP5iY/T/AGe0nmXUAAAAAAAAAAAAAAAAAAAAAAAFO63KjjsnFNWv6hapNf8AUU+DOlsmM6uj4+kqb9OaJj75vCMJjHTrOrgpSpRSi2k7SvltJyg7pxzN6apXXNHpNTorOqtex1VEVRPb9J5xPhiXJpquUURFyfxcePpHjjwmV+r0oYynTdHE0VjUs06kFKjOS+jprZX32fuueCs6rUbE1Fz21i7/AC3KmMxXFPfx7ekb0Y6708VtdFN6mIzGWzEU9qKChOjh8UlvzJSb8WpSivgjo2f4m2LXOYu1UeMT9Iq9WpOgqicx6stl4baCl6rBYfDy+thCmpLyblL8DZufxBsfH4tRNXdir/jHqmNHen8vzmE7LB04py2lioVayTcKUpuVOGmj7NWcrvercLHLvbU1mrqinZdmuLfWrERVPbEVTmmnhynOYni2aNNatRnU1xNXSM8I+HCZec9KNq18QnKvOUqEJWUaUclN1LaRWlk7K95XaV9OD9Xs3Y2i0EzOnt4rq5zM5q7+MzPlGImfNrxqbl2rGYz8sduOf30WLqObliqsrWiqE4q25d+naKu7uyX3679cdt4ixEfq+ktzS07t/H6Z9Ye1nl3UAAAAAAAAAAAAAAAAAAAAAAAED04wcK2CrU6l3CXZ3Sdr2qxdi2zeqs1xXRzhjXRFcYlRthdXuAzKSVWMk9HGvJNaf5m/O2NVMYmY8oVV6a3XTu1RmE/iervZ0st4TVuMamW/mkrfcYxtbUx1+SqNDZjt82WH6vcDCSnB14TW6Ua9pL32Kr2vuXrc27sUzTPOJiMM40luJzGfN3/8qUvr8Vyt6Q0mvGy1NG3a09uc02Lef9EMp09M9Z85c8egeCVv2nl2it79DqTtfUz1jya0bL08dJ85cO3er/AzV5utLknWaivCKStFeCIp2rqafyzHlC6jR2qeMQ19AthUMLipKipJRo1ElKWb2qkG34vRa+CKdRrr1+nduT17FlGnoormuI4y9BNNcAAAAAAAAAAAAAAAAAAAAAAAIfpY/k0/F0/7xARewVogJ+pvQGcWB9QBsDl2r7IED0dfyyX/AKp/zRAuIAAAAAAAAAAAAAAAAAAAAAAABB9MX8n85wX33/IDl2JDSJAl6r1RIyiwM0wMZsDk2u+4gILYbtjV4wn+F/yAugAAAAAAAAAAAAAAAAAAAAAAABX+m0vUQ8asf5ZAa9jbo+RAk6r1RIyTA+3A1VJgatpv1YEBst2x1LxU/wC7kBdwAAAAAAAAAAAAAAAAAAAAAAACvdMleFJf+VfyyAbNazJeBA76ntIkZAfZAc8wNe1H6pgQeCXyyg/GX3wkBdwAAAAAAAAAAAAAAAAAAAAAAACN23he0jFWvlblv1VlvS479wHBs+KU3pK6SWrj47lcgdlSqlL2JPyy/qSMlWX0J/w/qB8lX/cn8I/qBoqYhfVz/g/xAZ4q0qbTjJKz4xT3AcezcIpVIVFF2i1bNpbRq/KT13ECyEgAAAAAAAAAAAAAAAAAAAAAAAiOkcmoR0Uk2048d3B+77yJHDsO15OzTdlrG2u/R313iBM5Vx08yRtgovdZgJ00BonTXADm2hUioST10em97uW9gV7o7OMKkIxbu5qNpR4XV7JPTdzZAvBIAAAAAAAAAAAAAAAAAAAAAAAIfpNGWSEoQlUcaivGCbllcJX3e4iRr2NiIyTcNHfvQkss4vlJcP8AMkde03RVNyqpNJO3dUpXte0b7np/sBAdH6U3rWSUMt+86jln/dU5N5d+rsyB27QgnSTwyUlm1jm1cU9ckk9X7+ZIz6P1aErx07eDftxedRbeWzn3k7aNX520sBIYupZO27i/zArWxKcpYpSjGUqWZ+sytU01GTaT3O8rbuRCV1JQAAAAAAAAAAAAAAAAAAAAAAAMZxuv9bwOPHYCNS0k3Sqx9mrG2ZfuyXzo79HzdrAI4Ob1qVM7VtFTjCF07p21e9c+AHA8BlmnJ3lLTLHu3la7tv0smwMns2FGMacL5e9ZylfVycmtF4v4Ab6OAvvla1rSjFZ1Li1mvp4O4CpsrO121V1Kcd1JxjCMnznb2vLRASMYK6tokrJLcBmAAAAAAAAAAAAAAAAAAAAAAAAAAADXOjFtSaTlHc2tV5AKtJS0l+gGaQH0AAAAAAAAAAAAAAAAAAAAAAAAAAAAAAAAAAAAAAAAAAAAAAAAAAAAAAAAAAAAAAAAAAAAAAAAAAAAAAAAAAP/2Q=='),
(11, 3, 'Nạp 100k', 100000, 'https://scontent.fsgn19-1.fna.fbcdn.net/v/t39.30808-6/441289680_856294996542035_5014273341863111394_n.jpg?_nc_cat=101&ccb=1-7&_nc_sid=5f2048&_nc_ohc=RKVTi_Iw-eIQ7kNvgHU1udj&_nc_ht=scontent.fsgn19-1.fna&oh=00_AYCBhIwtLhEgl3T0oYrqbsphIomj-x-pXNNVWstm8tkBoQ&oe=6644253D'),
(12, 3, 'Nạp 50k', 50000, 'https://scontent.fsgn19-1.fna.fbcdn.net/v/t39.30808-6/441213018_856295056542029_3169181643262377929_n.jpg?_nc_cat=107&ccb=1-7&_nc_sid=5f2048&_nc_ohc=wkJoexjxFrwQ7kNvgEefTnv&_nc_ht=scontent.fsgn19-1.fna&oh=00_AYBcPg8LQuWB7eAwFUwSr5wo5aQzLWb7yEPpWQ43C3Tvmg&oe=66440737'),
(13, 3, 'Nạp 20k', 20000, 'https://scontent.fsgn19-1.fna.fbcdn.net/v/t39.30808-6/440455094_856295049875363_5421782391647221923_n.jpg?_nc_cat=111&ccb=1-7&_nc_sid=5f2048&_nc_ohc=VpYPdhPCWIAQ7kNvgGrBrLw&_nc_ht=scontent.fsgn19-1.fna&oh=00_AYBzo5vHq2_3ENBHm82byMoaOZBUwNw2YitR4tvFCDvE9Q&oe=6643F001');
INSERT INTO `service` (`id`, `id_category`, `name`, `price`, `img`) VALUES
(14, 3, 'Nạp 200k', 200000, 'https://scontent.fsgn19-1.fna.fbcdn.net/v/t39.30808-6/441501201_856294983208703_1781139682072939389_n.jpg?_nc_cat=111&ccb=1-7&_nc_sid=5f2048&_nc_ohc=jBi6tc9-LKYQ7kNvgGo92O6&_nc_ht=scontent.fsgn19-1.fna&oh=00_AYC1BvW_Rrrk0JzIPgootGfWAG1f6C19D8JPKWGn6-hV4w&oe=6643F481'),
(15, 3, 'Nạp 500k', 500000, 'https://scontent.fsgn19-1.fna.fbcdn.net/v/t39.30808-6/440378758_856294993208702_4936355840096399004_n.jpg?_nc_cat=102&ccb=1-7&_nc_sid=5f2048&_nc_ohc=JL32iBuSKzkQ7kNvgHlfgkd&_nc_ht=scontent.fsgn19-1.fna&oh=00_AYD0oPtBfHevnyI9Uu_5QJpfMnPyzTXd5XCMrQmoxFfXAQ&oe=66441C9E');

-- --------------------------------------------------------

--
-- Table structure for table `user`
--

CREATE TABLE `user` (
  `ID` bigint(20) NOT NULL,
  `Id_role` bigint(20) DEFAULT NULL,
  `name` varchar(50) DEFAULT NULL,
  `email` varchar(50) DEFAULT NULL,
  `username` varchar(50) DEFAULT NULL,
  `Password` varchar(50) DEFAULT NULL,
  `birthday` date DEFAULT NULL,
  `phone` varchar(50) DEFAULT NULL,
  `address` varchar(100) DEFAULT NULL,
  `balance` decimal(65,2) DEFAULT NULL
) ENGINE=InnoDB DEFAULT CHARSET=utf8mb4 COLLATE=utf8mb4_unicode_ci;

--
-- Dumping data for table `user`
--

INSERT INTO `user` (`ID`, `Id_role`, `name`, `email`, `username`, `Password`, `birthday`, `phone`, `address`, `balance`) VALUES
(1, 1, 'Admin User', 'admin@example.com', 'admin', 'adminpass', '1990-01-01', '123456789', 'Admin Address', 1000.00),
(2, 2, 'Nguyễn Minh Tiến', 'minhtiennguyen13602@gmail.com', 'mt13', 'minhtien13602', '2002-06-13', '0981402938', 'User Address', 999998443999.00),
(4, 3, 'Staff', 'staff@example.com', 'staff', 'staffpass', '2024-05-28', '012456789', 'abcd', NULL);

-- --------------------------------------------------------

--
-- Table structure for table `zone`
--

CREATE TABLE `zone` (
  `id` bigint(20) NOT NULL,
  `name` varchar(50) DEFAULT NULL,
  `price_per_hour` float DEFAULT NULL,
  `keyboard` varchar(50) DEFAULT NULL,
  `mouse` varchar(50) DEFAULT NULL,
  `CPU` varchar(50) DEFAULT NULL,
  `Ram` varchar(50) DEFAULT NULL,
  `Card` varchar(50) DEFAULT NULL,
  `Monitor` varchar(50) DEFAULT NULL,
  `Chair` varchar(50) DEFAULT NULL
) ENGINE=InnoDB DEFAULT CHARSET=utf8mb4 COLLATE=utf8mb4_unicode_ci;

--
-- Dumping data for table `zone`
--

INSERT INTO `zone` (`id`, `name`, `price_per_hour`, `keyboard`, `mouse`, `CPU`, `Ram`, `Card`, `Monitor`, `Chair`) VALUES
(1, 'Zone A', 11000, 'Standard Keyboard', 'Standard Mouse', 'Intel Core i5', '8GB DDR4', 'NVIDIA GTX 1060', '24-inch LED', 'Ergonomic Chair'),
(2, 'Zone B', 15000, 'Mechanical Keyboard', 'Gaming Mouse', 'Intel Core i7', '16GB DDR4', 'NVIDIA RTX 2080', '27-inch 4K', 'Gaming Chair');

--
-- Indexes for dumped tables
--

--
-- Indexes for table `category`
--
ALTER TABLE `category`
  ADD PRIMARY KEY (`ID`);

--
-- Indexes for table `computer`
--
ALTER TABLE `computer`
  ADD PRIMARY KEY (`Id`),
  ADD KEY `FK_Computer_zone` (`zone_id`);

--
-- Indexes for table `history`
--
ALTER TABLE `history`
  ADD PRIMARY KEY (`id`),
  ADD KEY `FK_history_user` (`id_user`),
  ADD KEY `FK_history_computer` (`id_computer`);

--
-- Indexes for table `paymenthistory`
--
ALTER TABLE `paymenthistory`
  ADD PRIMARY KEY (`id`),
  ADD KEY `FK_PaymentHistory_User` (`id_user`);

--
-- Indexes for table `role`
--
ALTER TABLE `role`
  ADD PRIMARY KEY (`ID`);

--
-- Indexes for table `service`
--
ALTER TABLE `service`
  ADD PRIMARY KEY (`id`),
  ADD KEY `FK_service_category1` (`id_category`);

--
-- Indexes for table `user`
--
ALTER TABLE `user`
  ADD PRIMARY KEY (`ID`),
  ADD KEY `FK_User_Role` (`Id_role`);

--
-- Indexes for table `zone`
--
ALTER TABLE `zone`
  ADD PRIMARY KEY (`id`);

--
-- AUTO_INCREMENT for dumped tables
--

--
-- AUTO_INCREMENT for table `category`
--
ALTER TABLE `category`
  MODIFY `ID` bigint(20) NOT NULL AUTO_INCREMENT, AUTO_INCREMENT=6;

--
-- AUTO_INCREMENT for table `computer`
--
ALTER TABLE `computer`
  MODIFY `Id` bigint(20) NOT NULL AUTO_INCREMENT, AUTO_INCREMENT=8;

--
-- AUTO_INCREMENT for table `history`
--
ALTER TABLE `history`
  MODIFY `id` bigint(20) NOT NULL AUTO_INCREMENT, AUTO_INCREMENT=26;

--
-- AUTO_INCREMENT for table `paymenthistory`
--
ALTER TABLE `paymenthistory`
  MODIFY `id` bigint(20) NOT NULL AUTO_INCREMENT, AUTO_INCREMENT=5;

--
-- AUTO_INCREMENT for table `role`
--
ALTER TABLE `role`
  MODIFY `ID` bigint(20) NOT NULL AUTO_INCREMENT, AUTO_INCREMENT=4;

--
-- AUTO_INCREMENT for table `service`
--
ALTER TABLE `service`
  MODIFY `id` bigint(20) NOT NULL AUTO_INCREMENT, AUTO_INCREMENT=17;

--
-- AUTO_INCREMENT for table `user`
--
ALTER TABLE `user`
  MODIFY `ID` bigint(20) NOT NULL AUTO_INCREMENT, AUTO_INCREMENT=7;

--
-- AUTO_INCREMENT for table `zone`
--
ALTER TABLE `zone`
  MODIFY `id` bigint(20) NOT NULL AUTO_INCREMENT, AUTO_INCREMENT=7;

--
-- Constraints for dumped tables
--

--
-- Constraints for table `computer`
--
ALTER TABLE `computer`
  ADD CONSTRAINT `FK_Computer_zone` FOREIGN KEY (`zone_id`) REFERENCES `zone` (`id`);

--
-- Constraints for table `history`
--
ALTER TABLE `history`
  ADD CONSTRAINT `FK_history_computer` FOREIGN KEY (`id_computer`) REFERENCES `computer` (`Id`),
  ADD CONSTRAINT `FK_history_user` FOREIGN KEY (`id_user`) REFERENCES `user` (`ID`);

--
-- Constraints for table `paymenthistory`
--
ALTER TABLE `paymenthistory`
  ADD CONSTRAINT `FK_PaymentHistory_User` FOREIGN KEY (`id_user`) REFERENCES `user` (`ID`);

--
-- Constraints for table `service`
--
ALTER TABLE `service`
  ADD CONSTRAINT `FK_service_category1` FOREIGN KEY (`id_category`) REFERENCES `category` (`ID`);

--
-- Constraints for table `user`
--
ALTER TABLE `user`
  ADD CONSTRAINT `FK_User_Role` FOREIGN KEY (`Id_role`) REFERENCES `role` (`ID`);
COMMIT;

/*!40101 SET CHARACTER_SET_CLIENT=@OLD_CHARACTER_SET_CLIENT */;
/*!40101 SET CHARACTER_SET_RESULTS=@OLD_CHARACTER_SET_RESULTS */;
/*!40101 SET COLLATION_CONNECTION=@OLD_COLLATION_CONNECTION */;
